datetime,symbol,setup,trend,candle_time,open,high,low,close,bid,ask,ema_30,ema_35,ema_40,ema_45,ema_50,ema_60,ao,ao_prev,entry,sl,tp,volume
2026-05-12 11:52:37,AUDUSD-T,READY_BUY,BULLISH,2026-05-12 20:52:00,0.72223,0.72227,0.72219,0.72226,0.72226,0.72236,0.7221932367850735,0.7221791231893232,0.7221658056893571,0.7221539020748989,0.7221436705147275,0.7221282759851247,-1.9117647058974896e-05,-1.9735294117695368e-05,0.72226,0.72214,0.7225,1.1
2026-05-12 11:55:37,SOLUSD-T,READY_BUY,BULLISH,2026-05-12 20:55:00,93.41,93.42,93.32,93.34,93.34,95.61,93.338495898157,93.32094381323141,93.30300602617837,93.2855009507953,93.26893402766949,93.23965193391432,-0.00023529411764400265,-0.002617647058826833,93.34,93.31,93.4,100.0
2026-05-12 11:56:37,SOLUSD-T,READY_BUY,BULLISH,2026-05-12 20:56:00,93.33,93.39,93.33,93.37,93.37,95.64,93.34052842085657,93.32366915694077,93.30627402490137,93.28917482249986,93.27289739913343,93.2439256409991,0.0014705882352927802,-0.00023529411764400265,93.37,93.32,93.47000000000003,100.0
2026-05-12 11:59:38,USDCAD-T,READY_SELL,BEARISH,2026-05-12 20:59:00,1.3712,1.3712,1.37112,1.37112,1.37112,1.3713,1.37119166386651,1.3711957470152085,1.3711994355850434,1.3712028757392611,1.37120615429852,1.3712123837833023,-7.07352941176076e-05,-6.508823529394192e-05,1.37112,1.37122,1.3709199999999995,1.81
2026-05-12 12:03:39,SOLUSD-T,READY_BUY,BULLISH,2026-05-12 21:03:00,93.31,93.4,93.31,93.4,93.4,95.67,93.34845038176746,93.33615030246291,93.32253639006105,93.30843131381938,93.29443314650321,93.26827000472124,-0.02035294117646913,-0.021176470588244456,93.4,93.19,93.82000000000002,63.0
2026-05-12 12:07:09,USDCAD-T,READY_SELL,BEARISH,2026-05-12 21:07:00,1.37117,1.37119,1.37117,1.37119,1.37119,1.37138,1.3711854799088852,1.3711886195816791,1.3711917180469062,1.371194771786814,1.3711977872030419,1.3712037056169797,1.3500000000110646e-05,1.7029411764513114e-05,1.37119,1.37131,1.3709499999999997,1.51
2026-05-12 12:07:10,USDCHF-T,READY_SELL,BEARISH,2026-05-12 21:07:00,0.78149,0.78157,0.78149,0.78156,0.78156,0.78171,0.7815447014327793,0.781551089668311,0.7815575775766463,0.7815639668383363,0.7815701177386618,0.7815813752484257,8.852941176362705e-06,1.1676470588195542e-05,0.78156,0.78167,0.7813400000000001,0.94
2026-05-12 12:07:40,SOLUSD-T,READY_BUY,BULLISH,2026-05-12 21:07:00,93.37,93.39,93.29,93.29,93.29,95.57,93.34942765185298,93.33958761442618,93.32810048293508,93.31576064926182,93.3031801032068,93.27895015786177,-0.011411764705869132,-0.018411764705874134,93.29,93.19,93.49000000000002,100.0
2026-05-12 12:08:40,USDCAD-T,READY_SELL,BEARISH,2026-05-12 21:08:00,1.37122,1.37125,1.37118,1.37119,1.37119,1.3713600000000001,1.3711875821416106,1.3711902703456598,1.3711930262682945,1.3711958119548733,1.371198612157017,1.3712042076096507,1.6617647058847496e-05,2.288235294112262e-05,1.37119,1.37131,1.3709499999999997,1.51
2026-05-12 12:08:40,USDCHF-T,READY_SELL,BEARISH,2026-05-12 21:08:00,0.7816,0.7816,0.78154,0.78155,0.78155,0.7817,0.7815474574277509,0.7815531278966147,0.7815590639768337,0.7815650231005636,0.7815708359203829,0.7815816150279722,1.311764705869134e-05,1.7382352941130996e-05,0.78155,0.78167,0.78131,0.86
2026-05-12 12:09:40,USDCHF-T,READY_SELL,BEARISH,2026-05-12 21:09:00,0.78155,0.78155,0.78151,0.78151,0.78151,0.78165,0.7815450408195089,0.7815507319023582,0.7815566706121101,0.7815626307918435,0.7815684501980149,0.781579266994268,4.294117647019036e-06,1.311764705869134e-05,0.78151,0.78167,0.7811900000000002,0.65
2026-05-12 12:10:10,USDCAD-T,READY_SELL,BEARISH,2026-05-12 21:10:00,1.37118,1.37118,1.37101,1.3710200000000001,1.3710200000000001,1.37119,1.3711785711796831,1.3711822541732035,1.3711857470309066,1.371189101560093,1.371192354503463,1.3711986272332963,-1.0294117649412016e-06,1.2617647058510428e-05,1.3710200000000001,1.3713,1.3704600000000005,0.65
2026-05-12 12:10:40,USDCAD-T,READY_SELL,BEARISH,2026-05-12 21:10:00,1.37118,1.37118,1.3709799999999999,1.37101,1.37101,1.37119,1.371177926018393,1.371181698617648,1.3711852592260285,1.3711886667774842,1.3711919623466002,1.3711982993644438,-3.58823529422736e-06,1.2617647058510428e-05,1.37101,1.3713,1.3704300000000003,0.62
2026-05-12 12:11:41,USDCHF-T,READY_SELL,BEARISH,2026-05-12 21:11:00,0.78142,0.78156,0.78141,0.78154,0.78154,0.78167,0.7815371689169689,0.7815432762956219,0.7815495157650324,0.7815557151290214,0.7815617412246959,0.7815729288919772,-3.1117647058875875e-05,-1.976470588238577e-05,0.78154,0.78167,0.7812800000000001,0.79
2026-05-12 12:18:42,BTCUSD-T,READY_BUY,BULLISH,2026-05-12 21:18:00,80440.6,80450.6,80397.6,80413.6,80412.6,80577.4,80404.54695766316,80397.00384134703,80388.71679688751,80380.1124436738,80371.53560598675,80355.39393946012,20.614705882355338,15.867647058825241,80413.6,80388.6,80463.6,0.53
2026-05-12 12:25:13,SOLUSD-T,READY_BUY,BULLISH,2026-05-12 21:25:00,93.3,93.38,93.3,93.37,93.37,95.63,93.32881170995446,93.3262199268332,93.32205304801064,93.31656737245848,93.31010626041139,93.29559627720967,0.0036470588235175683,0.0023529411764684482,93.37,93.29,93.53,100.0
2026-05-12 12:25:43,BTCUSD-T,READY_BUY,BULLISH,2026-05-12 21:25:00,80439.6,80466.6,80401.6,80412.6,80412.6,80576.4,80417.29544255482,80410.76910600842,80403.49824641139,80395.79768255017,80387.95826377229,80372.74846801779,25.388235294114565,24.25882352940971,80412.6,80404.6,80428.6,1.65
2026-05-12 14:27:41,BTCUSD-T,READY_BUY,BULLISH,2026-05-12 23:27:00,80707.6,80707.6,80693.6,80699.6,80699.6,80863.4,80697.32310544903,80696.0655394399,80694.24817121899,80691.90761677657,80689.08454545631,80682.16502857924,-3.0558823529427173,-8.55588235295727,80699.6,80672.6,80753.6,0.49
2026-05-12 14:44:12,EURJPY-T,READY_BUY,BULLISH,2026-05-12 23:44:00,185.033,185.041,185.028,185.041,185.041,185.066,185.0288775972526,185.02837888283688,185.02787715152843,185.0273762308552,185.02687779820624,185.02589249324035,-3.2352941161661875e-05,-0.0026176470587984113,185.041,185.015,185.09300000000002,0.8
2026-05-12 14:44:35,EURJPY-T,READY_BUY,BULLISH,2026-05-12 23:44:00,185.033,185.041,185.028,185.04,185.04,185.067,185.02881308112356,185.02832332728133,185.02782837104064,185.0273327525943,185.02683858251996,185.0258597063551,-3.2352941161661875e-05,-0.0026176470587984113,185.04,185.015,185.09,0.83
2026-05-12 14:50:09,EURJPY-T,READY_BUY,BULLISH,2026-05-12 23:50:00,185.057,185.057,185.027,185.032,185.032,185.14,185.03391664521595,185.0329548709199,185.03208938474978,185.03129477852664,185.03055400902508,185.02919132943427,0.013605882352948129,0.01272647058820553,185.032,185.03,185.03600000000003,10.41
2026-05-12 14:50:39,EURJPY-T,READY_BUY,BULLISH,2026-05-12 23:50:00,185.057,185.057,185.027,185.032,185.032,185.141,185.03391664521595,185.0329548709199,185.03208938474978,185.03129477852664,185.03055400902508,185.02919132943427,0.013605882352948129,0.01272647058820553,185.032,185.03,185.03600000000003,10.41
2026-05-12 14:51:09,EURJPY-T,READY_BUY,BULLISH,2026-05-12 23:50:00,185.057,185.057,185.027,185.032,185.032,185.141,185.03391664521595,185.0329548709199,185.03208938474978,185.03129477852664,185.03055400902508,185.02919132943427,0.013605882352948129,0.01272647058820553,185.032,185.03,185.03600000000003,10.41
2026-05-12 15:05:18,USDCHF-T,READY_SELL,BEARISH,2026-05-13 00:05:00,0.77982,0.78056,0.77982,0.78051,0.78051,0.78164,0.7805599455470419,0.7805681039024502,0.7805739482099174,0.7805783569628026,0.7805820081173908,0.7805888722010016,-0.00020441176470586964,-0.0001606470588235709,0.78051,0.78049,0.7805500000000001,5.16
2026-05-12 15:05:48,USDCHF-T,READY_SELL,BEARISH,2026-05-13 00:05:00,0.77982,0.78056,0.77982,0.7805,0.7805,0.78159,0.7805593003857515,0.7805675483468947,0.7805734604050394,0.780577922180194,0.7805816159605281,0.7805885443321492,-0.00020441176470586964,-0.0001606470588235709,0.7805,0.78049,0.7805199999999999,10.32
2026-05-12 15:19:58,SOLUSD-T,READY_SELL,BEARISH,2026-05-13 00:19:00,93.61,93.62,93.55,93.56,93.56,95.82,93.58168067438646,93.58442866676288,93.58745708713872,93.59042590796545,93.59311356001626,93.59717699852578,0.016235294117663557,0.023735294117656736,93.56,93.63,93.42000000000002,100.0
2026-05-12 15:20:28,BTCUSD-T,READY_SELL,BEARISH,2026-05-13 00:20:00,80604.6,80605.6,80589.6,80590.6,80590.6,80754.4,80603.71396905169,80605.65374804127,80607.89785890246,80610.20885526805,80612.41410489008,80616.07765160048,13.679411764707766,15.352941176461172,80590.6,80645.6,80480.6,0.24
2026-05-12 15:20:58,BTCUSD-T,READY_SELL,BEARISH,2026-05-13 00:20:00,80604.6,80605.6,80589.6,80589.6,80589.6,80754.4,80603.64945292266,80605.5981924857,80607.84907841466,80610.16537700719,80612.3748892038,80616.04486471524,13.679411764707766,15.352941176461172,80589.6,80645.6,80477.6,0.24
2026-05-12 15:27:31,SOLUSD-T,READY_SELL,BEARISH,2026-05-13 00:27:00,93.57,93.58,93.56,93.56,93.56,95.83,93.57565865628537,93.57803409487391,93.58068449995548,93.58337027331612,93.58590472908487,93.59004421954681,0.01026470588234929,0.01173529411764207,93.56,93.61,93.46000000000001,100.0
2026-05-12 15:30:31,SOLUSD-T,READY_SELL,BEARISH,2026-05-13 00:30:00,93.59,93.62,93.58,93.59,93.59,95.86,93.57539723299466,93.57741281003352,93.57975281630937,93.58219089917564,93.58454309030546,93.58849600524407,-0.009941176470604773,-0.008676470588227403,93.59,93.6,93.57000000000002,100.0
2026-05-12 15:31:01,SOLUSD-T,READY_SELL,BEARISH,2026-05-13 00:30:00,93.59,93.62,93.58,93.59,93.59,95.86,93.57539723299466,93.57741281003352,93.57975281630937,93.58219089917564,93.58454309030546,93.58849600524407,-0.009941176470604773,-0.008676470588227403,93.59,93.6,93.57000000000002,100.0
2026-05-12 15:31:31,SOLUSD-T,READY_SELL,BEARISH,2026-05-13 00:31:00,93.59,93.59,93.55,93.56,93.56,95.82,93.57440386312403,93.57644543169832,93.57878926429427,93.58122607747237,93.58358061617584,93.58756170999017,-0.012999999999991019,-0.009941176470590563,93.56,93.62,93.44,100.0
2026-05-12 15:32:32,SOLUSD-T,READY_SELL,BEARISH,2026-05-13 00:32:00,93.58,93.6,93.54,93.55,93.55,95.82,93.57403649630437,93.57602562376447,93.57831292897474,93.58070017996411,93.58301728559148,93.58696441662312,-0.013882352941195109,-0.01300000000001944,93.55,93.62,93.40999999999998,100.0
2026-05-12 15:33:02,SOLUSD-T,READY_SELL,BEARISH,2026-05-13 00:32:00,93.58,93.6,93.53,93.53,93.53,95.79,93.57274617372373,93.57491451265335,93.57733731921864,93.57983061474673,93.58223297186599,93.5863086789182,-0.014735294117642184,-0.01300000000001944,93.53,93.62,93.35,100.0
2026-05-12 15:40:33,EURGBP-T,READY_SELL,BEARISH,2026-05-13 00:40:00,0.8667,0.86671,0.86606,0.86671,0.86671,0.8672,0.8666994350943972,0.8667122666942126,0.8667261811005603,0.8667405656703553,0.866755076263079,0.8667838025945553,3.191176470584978e-05,6.570588235299546e-05,0.86671,0.86674,0.86665,3.25
2026-05-12 15:41:03,EURGBP-T,READY_SELL,BEARISH,2026-05-13 00:40:00,0.8667,0.86671,0.86606,0.86671,0.86671,0.8672,0.8666994350943972,0.8667122666942126,0.8667261811005603,0.8667405656703553,0.866755076263079,0.8667838025945553,3.191176470584978e-05,6.570588235299546e-05,0.86671,0.86674,0.86665,3.25
2026-05-12 15:41:33,EURGBP-T,READY_SELL,BEARISH,2026-05-13 00:41:00,0.86671,0.86673,0.86671,0.86672,0.86672,0.86719,0.8667007618625007,0.866712696322312,0.8667258795834598,0.8667396715107747,0.8667537007233505,0.8667817107062092,3.182352941177857e-05,3.191176470584978e-05,0.86672,0.86674,0.8666800000000002,4.88
2026-05-12 15:42:03,EURGBP-T,READY_SELL,BEARISH,2026-05-13 00:41:00,0.86671,0.86673,0.86668,0.8667,0.8667,0.86727,0.86669947153992,0.8667115852112008,0.8667249039737037,0.8667388019455573,0.8667529164096249,0.8667810549685043,2.926470588227037e-05,3.191176470584978e-05,0.8667,0.86674,0.8666200000000002,2.44
2026-05-12 15:43:33,EURGBP-T,READY_SELL,BEARISH,2026-05-13 00:43:00,0.86669,0.86671,0.86669,0.86671,0.86671,0.86716,0.8666995791520009,0.8667103645865342,0.8667225573729942,0.8667355201165402,0.8667488628602498,0.8667758377708583,2.650000000004038e-05,3.1029411764582626e-05,0.86671,0.86674,0.86665,3.25
2026-05-12 15:44:03,EURGBP-T,READY_SELL,BEARISH,2026-05-13 00:43:00,0.86669,0.86672,0.86669,0.86672,0.86672,0.86728,0.8667002243132913,0.8667109201420897,0.8667230451778722,0.8667359548991489,0.8667492550171125,0.8667761656397107,2.735294117661713e-05,3.1029411764582626e-05,0.86672,0.86674,0.8666800000000002,4.88
2026-05-12 15:44:33,EURGBP-T,READY_SELL,BEARISH,2026-05-13 00:44:00,0.86671,0.86672,0.86671,0.86671,0.86671,0.86729,0.8667008550027564,0.8667108690230847,0.8667224088277321,0.8667348264252729,0.8667477156046768,0.8667739962744743,1.9147058823554275e-05,2.7352941176395085e-05,0.86671,0.86673,0.8666699999999999,4.88
2026-05-12 15:45:03,NZDUSD-T,READY_SELL,BEARISH,2026-05-13 00:45:00,0.59456,0.59456,0.59432,0.59432,0.59432,0.59542,0.5944811149877074,0.594494605100047,0.5945117654291039,0.5945310905491856,0.5945514132276815,0.5945919431501495,0.0001187058823529652,0.00013849999999993035,0.59432,0.59482,0.5933199999999998,0.26
2026-05-12 15:45:34,NZDUSD-T,READY_SELL,BEARISH,2026-05-13 00:45:00,0.59456,0.59461,0.59432,0.59451,0.59451,0.59515,0.5944933730522236,0.5945051606556025,0.5945210337217869,0.5945393514187509,0.5945588642080736,0.5945981726583462,0.00012297058823529383,0.00013849999999993035,0.59451,0.59482,0.5938899999999999,0.43
2026-05-12 15:47:04,EURGBP-T,READY_SELL,BEARISH,2026-05-13 00:47:00,0.86677,0.86677,0.8662,0.8662,0.8662,0.86794,0.8666727030923272,0.8666850788864833,0.8666981662070294,0.8667116678072729,0.8667253630678389,0.8667527904250937,-2.732352941159366e-05,2.0176470588384454e-05,0.8662,0.86677,0.8650599999999998,0.17
2026-05-12 15:55:35,USDCAD-T,READY_SELL,BEARISH,2026-05-13 00:55:00,1.3691900000000001,1.36924,1.3691900000000001,1.36924,1.36924,1.37024,1.3692292874679717,1.369244453938377,1.369261437262626,1.369279421329693,1.3692978358449177,1.3693346913217952,7.3823529411765065e-06,1.0176470588429964e-05,1.36924,1.36934,1.36904,1.81
2026-05-12 15:56:05,USDCAD-T,READY_SELL,BEARISH,2026-05-13 00:56:00,1.36924,1.36924,1.36924,1.36924,1.36924,1.37025,1.3692299785990705,1.369244206497356,1.369260391542498,1.369277707358837,1.369295567772568,1.3693315866882936,-6.764705884343414e-07,7.3823529411765065e-06,1.36924,1.36934,1.36904,1.81
2026-05-12 15:56:35,USDCAD-T,READY_SELL,BEARISH,2026-05-13 00:56:00,1.36924,1.36931,1.3691,1.36928,1.36928,1.37024,1.3692325592442316,1.3692464287195782,1.36926234276201,1.3692794464892717,1.369297136400019,1.3693328981637034,-6.6470588233613626e-06,7.3823529411765065e-06,1.36928,1.36934,1.3691600000000002,3.02
2026-05-12 16:01:42,EURJPY-T,READY_SELL,BEARISH,2026-05-13 01:00:00,184.862,184.996,184.862,184.986,184.986,185.052,184.98461895328808,184.99086004255807,184.99683933751228,185.00242103516345,185.00745368869337,185.01541993367977,-0.0887205882353328,-0.06933529411767836,184.986,185.059,184.83999999999997,0.29
2026-05-12 16:03:42,EURJPY-T,READY_SELL,BEARISH,2026-05-13 01:00:00,184.862,184.999,184.862,184.988,184.988,185.048,184.98474798554616,184.9909711536692,184.99693689848792,185.0025079916852,185.00753212006592,185.01548550745025,-0.0884647058823873,-0.06933529411767836,184.988,185.059,184.846,0.29
2026-05-12 16:05:42,EURJPY-T,READY_SELL,BEARISH,2026-05-13 01:00:00,184.862,184.999,184.862,184.974,184.974,185.03,184.9838447597397,184.9901933758914,184.99625397165863,185.00189929603303,185.00698310045806,185.0150264910568,-0.0884647058823873,-0.06933529411767836,184.974,185.059,184.80399999999997,0.24
2026-05-12 16:07:42,EURJPY-T,READY_SELL,BEARISH,2026-05-13 01:00:00,184.862,184.999,184.862,184.958,184.958,185.018,184.9828125016752,184.98930448700253,184.99547348385374,185.0012036438591,185.00635564947768,185.01450190089287,-0.0884647058823873,-0.06933529411767836,184.958,185.059,184.756,0.21
2026-05-12 16:09:42,EURJPY-T,READY_SELL,BEARISH,2026-05-13 01:00:00,184.862,184.999,184.862,184.985,184.985,185.017,184.98455443715906,184.99080448700252,184.9967905570245,185.0023775569026,185.0074144730071,185.0153871467945,-0.0884647058823873,-0.06933529411767836,184.985,185.059,184.83700000000005,0.28
2026-05-12 16:11:43,EURJPY-T,READY_SELL,BEARISH,2026-05-13 01:00:00,184.862,184.999,184.862,184.989,184.989,185.023,184.98481250167518,184.99102670922474,184.9969856789757,185.00255146994607,185.0075713357522,185.0155182943355,-0.0884647058823873,-0.06933529411767836,184.989,185.059,184.84900000000002,0.3
2026-05-12 16:13:43,EURJPY-T,READY_SELL,BEARISH,2026-05-13 01:00:00,184.862,184.999,184.862,184.988,184.988,185.017,184.98474798554616,184.9909711536692,184.99693689848792,185.0025079916852,185.00753212006592,185.01548550745025,-0.0884647058823873,-0.06933529411767836,184.988,185.059,184.846,0.29
2026-05-12 17:17:45,BTCUSD-T,READY_SELL,BEARISH,2026-05-13 02:15:00,80528.6,80553.6,80507.6,80553.6,80553.6,80717.4,80543.70394378876,80549.44882803534,80558.80166527406,80570.85627458325,80584.76264858102,80615.42757718018,108.14117647058447,121.88235294117476,80553.6,80711.6,80237.6,0.08
2026-05-12 17:19:45,BTCUSD-T,READY_SELL,BEARISH,2026-05-13 02:15:00,80528.6,80556.6,80499.6,80519.6,80519.6,80684.4,80541.51039540165,80547.55993914645,80557.1431286887,80569.37801371368,80583.42931524769,80614.31282308181,107.7147058823466,121.88235294117476,80519.6,80711.6,80135.6,0.07
2026-05-12 17:21:45,BTCUSD-T,READY_SELL,BEARISH,2026-05-13 02:15:00,80528.6,80556.6,80499.6,80524.6,80524.6,80688.4,80541.83297604682,80547.83771692423,80557.38703112771,80569.59540501803,80583.62539367906,80614.47675750803,107.7147058823466,121.88235294117476,80524.6,80711.6,80150.6,0.07
2026-05-12 17:23:45,BTCUSD-T,READY_SELL,BEARISH,2026-05-13 02:15:00,80528.6,80561.6,80499.6,80530.6,80530.6,80694.4,80542.22007282102,80548.17105025756,80557.67971405454,80569.85627458325,80583.86068779671,80614.67347881952,108.14117647058447,121.88235294117476,80530.6,80711.6,80168.6,0.07
2026-05-12 17:25:45,BTCUSD-T,READY_SELL,BEARISH,2026-05-13 02:15:00,80528.6,80561.6,80499.6,80555.6,80555.6,80720.4,80543.83297604682,80549.55993914645,80558.89922624966,80570.94323110499,80584.84107995358,80615.49315095066,108.14117647058447,121.88235294117476,80555.6,80711.6,80243.6,0.08
2026-05-12 17:27:45,BTCUSD-T,READY_SELL,BEARISH,2026-05-13 02:15:00,80528.6,80579.6,80499.6,80570.6,80570.6,80734.4,80544.8007179823,80550.39327247979,80559.63093356675,80571.59540501803,80585.42931524769,80615.98495422935,109.67647058822331,121.88235294117476,80570.6,80711.6,80288.6,0.09
2026-05-12 17:29:45,BTCUSD-T,READY_SELL,BEARISH,2026-05-13 02:15:00,80528.6,80584.6,80499.6,80557.6,80557.6,80722.4,80543.96200830488,80549.67105025756,80558.99678722527,80571.03018762673,80584.91951132612,80615.55872472115,110.10294117646117,121.88235294117476,80557.6,80711.6,80249.6,0.09
2026-05-12 17:29:45,SOLUSD-T,READY_SELL,BEARISH,2026-05-13 02:15:00,93.4,93.56,93.38,93.51,93.51,95.77,93.548403169878,93.57749080556428,93.61445336324925,93.65653762909051,93.70137017322679,93.79223898656966,0.1683235294117793,0.20726470588236623,93.51,93.86,92.81000000000002,38.0
2026-05-12 17:31:46,BTCUSD-T,READY_SELL,BEARISH,2026-05-13 02:30:00,80571.6,80575.6,80553.6,80563.6,80563.6,80727.4,80545.71180589603,80550.86463388524,80559.5925418044,80571.0398392044,80584.38487458823,80614.10885521941,106.74411764704564,110.10294117646117,80563.6,80640.6,80409.6,0.17
2026-05-12 17:31:46,EURJPY-T,READY_SELL,BEARISH,2026-05-13 02:30:00,184.997,185.0,184.994,185.0,185.0,185.022,184.98966836746797,184.99350273154343,184.9976552805567,185.00185569343685,185.005867708222,185.01263271919012,0.00987941176472873,0.010705882352908702,185.0,185.016,184.96800000000002,1.3
2026-05-12 17:33:46,BTCUSD-T,READY_SELL,BEARISH,2026-05-13 02:30:00,80571.6,80575.6,80512.6,80519.6,80519.6,80684.4,80542.87309621861,80548.42018944079,80557.446200341,80569.12679572613,80582.65938439214,80612.66623226859,103.24705882351554,110.10294117646117,80519.6,80640.6,80277.6,0.11
2026-05-12 17:33:46,EURJPY-T,READY_SELL,BEARISH,2026-05-13 02:30:00,184.997,185.003,184.994,184.996,184.996,185.02,184.98941030295185,184.9932805093212,184.99746015860546,185.00168178039337,185.00571084547693,185.01250157164915,0.010135294117617377,0.010705882352908702,184.996,185.016,184.95600000000005,1.04
2026-05-12 17:35:46,BTCUSD-T,READY_SELL,BEARISH,2026-05-13 02:30:00,80571.6,80575.6,80452.6,80452.6,80452.6,80617.4,80538.55051557346,80544.69796721857,80554.17790765807,80566.21375224787,80580.03193341175,80610.4695109571,98.1294117646903,110.10294117646117,80452.6,80640.6,80076.6,0.07
2026-05-12 17:35:46,EURJPY-T,READY_SELL,BEARISH,2026-05-13 02:30:00,184.997,185.003,184.962,184.972,184.972,184.993,184.98786191585506,184.9919471759879,184.99628942689816,185.0006383021325,185.00476966900632,185.01171468640325,0.007405882352941262,0.010705882352908702,184.972,185.016,184.88400000000004,0.47
2026-05-12 17:37:46,BTCUSD-T,READY_SELL,BEARISH,2026-05-13 02:30:00,80571.6,80575.6,80408.6,80412.6,80412.6,80576.4,80535.96987041217,80542.47574499635,80552.22668814588,80564.47462181309,80578.46330596077,80609.15803554727,94.3764705882204,110.10294117646117,80412.6,80640.6,79956.6,0.06
2026-05-12 17:37:46,EURJPY-T,READY_SELL,BEARISH,2026-05-13 02:30:00,184.997,185.003,184.962,184.98,184.98,185.002,184.98837804488733,184.99239162043233,184.9966796708006,185.00098612821947,185.00508339449652,185.01197698148522,0.007405882352941262,0.010705882352908702,184.98,185.016,184.908,0.58
2026-05-12 17:39:46,BTCUSD-T,READY_SELL,BEARISH,2026-05-13 02:30:00,80571.6,80575.6,80390.6,80446.6,80446.6,80610.4,80538.16341879926,80544.36463388524,80553.88522473125,80565.95288268266,80579.7966392941,80610.27278964563,92.84117647058156,110.10294117646117,80446.6,80640.6,80058.6,0.07
2026-05-12 17:39:46,EURJPY-T,READY_SELL,BEARISH,2026-05-13 02:30:00,184.997,185.003,184.962,184.981,184.981,185.003,184.98844256101637,184.99244717598788,184.9967284512884,185.00102960648033,185.0051226101828,185.01200976837046,0.007405882352941262,0.010705882352908702,184.981,185.016,184.911,0.59
2026-05-12 17:41:46,BTCUSD-T,READY_SELL,BEARISH,2026-05-13 02:30:00,80571.6,80575.6,80390.6,80433.6,80433.6,80597.4,80537.32470912184,80543.64241166302,80553.25107838977,80565.38766529135,80579.28683537254,80609.84656013743,92.84117647058156,110.10294117646117,80433.6,80640.6,80019.6,0.06
2026-05-12 17:41:46,EURJPY-T,READY_SELL,BEARISH,2026-05-13 02:30:00,184.997,185.003,184.962,184.97,184.97,184.991,184.987732883597,184.99183606487676,184.99619186592255,185.00055134561077,185.00469123763378,185.01164911263277,0.007405882352941262,0.010705882352908702,184.97,185.016,184.87800000000001,0.45
2026-05-12 17:43:46,BTCUSD-T,READY_SELL,BEARISH,2026-05-13 02:30:00,80571.6,80575.6,80390.6,80431.6,80431.6,80595.4,80537.19567686378,80543.5313005519,80553.15351741418,80565.30070876962,80579.20840399999,80609.78098636695,92.84117647058156,110.10294117646117,80431.6,80640.6,80013.6,0.06
2026-05-12 17:43:46,EURJPY-T,READY_SELL,BEARISH,2026-05-13 02:30:00,184.997,185.003,184.962,184.983,184.983,185.005,184.98857159327443,184.992558287099,184.99682601226402,185.00111656300209,185.00520104155535,185.01207534214095,0.007405882352941262,0.010705882352908702,184.983,185.016,184.91700000000003,0.63
2026-05-12 17:47:46,EURJPY-T,READY_SELL,BEARISH,2026-05-13 02:45:00,184.983,184.99,184.979,184.987,184.987,185.01,184.98840984636183,184.99219702423545,184.9963002936408,185.00046121149157,185.0044495974036,185.01122148787027,0.0024529411764149245,0.007405882352941262,184.987,185.016,184.929,0.72
2026-05-12 17:49:46,EURJPY-T,READY_SELL,BEARISH,2026-05-13 02:45:00,184.983,185.013,184.979,185.011,185.011,185.033,184.98995823345862,184.99353035756877,184.9974710253481,185.00150468975244,185.0053907738742,185.01200837311617,0.004414705882339831,0.007405882352941262,185.011,185.016,185.001,4.16
2026-05-12 17:51:46,EURJPY-T,READY_SELL,BEARISH,2026-05-13 02:45:00,184.983,185.025,184.979,185.024,185.024,185.049,184.99079694313602,184.994252579791,184.99810517168956,185.00206990714375,185.00590057779579,185.01243460262435,0.005438235294093374,0.007405882352941262,185.024,185.016,185.04000000000002,2.6
2026-05-12 17:53:47,EURJPY-T,READY_SELL,BEARISH,2026-05-13 02:45:00,184.983,185.026,184.979,185.022,185.022,185.043,184.99066791087796,184.99414146867989,184.99800761071396,185.00198295062202,185.0058221464232,185.01236902885387,0.005523529411760819,0.007405882352941262,185.022,185.016,185.034,3.47
2026-05-12 17:55:47,EURJPY-T,READY_SELL,BEARISH,2026-05-13 02:45:00,184.983,185.041,184.979,185.034,185.034,185.058,184.99144210442634,184.99480813534655,184.9985929765676,185.00250468975244,185.00629273465853,185.01276247147683,0.006802941176431432,0.007405882352941262,185.034,185.016,185.07,1.14
2026-05-12 17:57:47,EURJPY-T,READY_SELL,BEARISH,2026-05-13 02:45:00,184.983,185.041,184.979,185.023,185.023,185.047,184.990732427007,184.99419702423543,184.99805639120177,185.00202642888289,185.0058613621095,185.0124018157391,0.006802941176431432,0.007405882352941262,185.023,185.016,185.037,2.94
2026-05-12 17:59:47,EURJPY-T,READY_SELL,BEARISH,2026-05-13 02:45:00,184.983,185.041,184.979,185.019,185.019,185.042,184.99047436249086,184.9939748020132,184.99786126925054,185.0018525158394,185.0057044993644,185.01227066819814,0.006802941176431432,0.007405882352941262,185.019,185.016,185.02500000000003,6.87
2026-05-12 18:19:47,BTCUSD-T,READY_SELL,BEARISH,2026-05-13 03:15:00,80372.6,80543.6,80351.6,80495.6,80495.6,80659.4,80516.36694720961,80524.37812674334,80534.84329307366,80547.3510957312,80561.3574708027,80591.8265802953,-20.17352941178251,6.7676470588339726,80495.6,80634.6,80217.6,0.09
2026-05-12 18:21:48,BTCUSD-T,READY_SELL,BEARISH,2026-05-13 03:15:00,80372.6,80543.6,80351.6,80480.6,80480.6,80644.4,80515.39920527412,80523.54479341001,80534.11158575659,80546.69892181816,80560.76923550859,80591.33477701661,-20.17352941178251,6.7676470588339726,80480.6,80634.6,80172.6,0.08
2026-05-12 18:23:48,BTCUSD-T,READY_SELL,BEARISH,2026-05-13 03:15:00,80372.6,80583.6,80351.6,80557.6,80557.6,80721.4,80520.36694720961,80527.82257118777,80537.86768331756,80550.04674790511,80563.78884335172,80593.85936718054,-16.761764705894166,6.7676470588339726,80557.6,80634.6,80403.6,0.17
2026-05-12 18:25:48,BTCUSD-T,READY_SELL,BEARISH,2026-05-13 03:15:00,80372.6,80664.6,80351.6,80655.6,80655.6,80819.4,80526.68952785477,80533.26701563223,80542.64817112243,80554.30761747033,80567.63198060662,80597.07248193465,-9.852941176475724,6.7676470588339726,80655.6,80634.6,80697.6,0.62
2026-05-12 18:27:48,BTCUSD-T,READY_SELL,BEARISH,2026-05-13 03:15:00,80372.6,80664.6,80351.6,80628.6,80628.6,80792.4,80524.94759237091,80531.76701563223,80541.3310979517,80553.13370442684,80566.57315707722,80596.187236033,-9.852941176475724,6.7676470588339726,80628.6,80634.6,80616.6,2.18
2026-05-12 18:29:48,BTCUSD-T,READY_SELL,BEARISH,2026-05-13 03:15:00,80372.6,80664.6,80351.6,80549.6,80549.6,80714.4,80519.85081817735,80527.37812674334,80537.47743941512,80549.69892181816,80563.47511786153,80593.59707209858,-9.852941176475724,6.7676470588339726,80549.6,80634.6,80379.6,0.15
2026-05-12 18:31:48,BTCUSD-T,READY_SELL,BEARISH,2026-05-13 03:30:00,80559.6,80617.6,80556.6,80593.6,80593.6,80757.4,80525.51413687975,80531.84415673907,80540.91113957453,80552.23148287332,80565.2216530319,80594.07284667637,-12.088235294126207,-9.852941176475724,80593.6,80664.6,80451.6,0.18
2026-05-12 18:33:48,BTCUSD-T,READY_SELL,BEARISH,2026-05-13 03:30:00,80559.6,80617.6,80546.6,80567.6,80567.6,80732.4,80523.83671752492,80530.39971229463,80539.6428468916,80551.10104809071,80564.20204518875,80593.22038765997,-12.94117647058738,-9.852941176475724,80567.6,80664.6,80373.6,0.13
2026-05-12 18:35:48,BTCUSD-T,READY_SELL,BEARISH,2026-05-13 03:30:00,80559.6,80617.6,80528.6,80573.6,80573.6,80737.4,80524.2238142991,80530.73304562796,80539.93552981842,80551.36191765593,80564.4373393064,80593.41710897145,-14.476470588240772,-9.852941176475724,80573.6,80664.6,80391.6,0.14
2026-05-12 18:37:48,BTCUSD-T,READY_SELL,BEARISH,2026-05-13 03:30:00,80559.6,80627.6,80528.6,80616.6,80616.6,80780.4,80526.99800784749,80533.12193451685,80542.03309079404,80553.23148287332,80566.1236138162,80594.82694503701,-13.6235294117796,-9.852941176475724,80616.6,80664.6,80520.6,0.27
2026-05-12 18:39:48,BTCUSD-T,READY_SELL,BEARISH,2026-05-13 03:30:00,80559.6,80663.6,80528.6,80643.6,80643.6,80807.4,80528.73994333135,80534.62193451685,80543.35016396477,80554.40539591681,80567.18243734562,80595.71219093866,-10.552941176487366,-9.852941176475724,80643.6,80664.6,80601.6,0.62
2026-05-12 18:41:48,SOLUSD-T,READY_SELL,BEARISH,2026-05-13 03:30:00,93.2,93.47,93.17,93.44,93.44,95.71,93.45183609142988,93.48538139519748,93.52415153407635,93.56670640828965,93.6114527765125,93.70204815860694,-0.18194117647061603,-0.1356176470588082,93.44,93.56,93.19999999999999,100.0
2026-05-12 18:43:49,SOLUSD-T,READY_SELL,BEARISH,2026-05-13 03:30:00,93.2,93.47,93.17,93.39,93.39,95.65,93.44861028497827,93.4826036174197,93.52171250968611,93.56453249524617,93.60949199219876,93.70040881434464,-0.18194117647061603,-0.1356176470588082,93.39,93.56,93.05,77.0
