fecha_servidor,fecha_local,symbol,tipo,modo,estrategia,precio_entrada,stop_loss,take_profit,volumen,resultado,confirmada
2025-06-11 20:33,2025-06-11 17:33:12,USDCAD-T,BUY,real,tendencia,1.37,1.37,1.36,0.01,cerrada sin definir,si
2025-06-11 20:33,2025-06-11 17:33:12,USDCAD-T,BUY,real,tendencia,1.37,1.37,1.36,0.01,cerrada sin definir,si
2025-06-11 20:33,2025-06-11 17:33:12,USDCAD-T,BUY,real,tendencia,1.37,1.37,1.36,0.01,cerrada sin definir,si
2025-06-11 20:33,2025-06-11 17:33:13,USDCAD-T,BUY,real,tendencia,1.37,1.37,1.36,0.01,cerrada sin definir,si
2025-06-11 20:33,2025-06-11 17:33:13,EURJPY-T,BUY,real,tendencia,165.99,165.42,166.7,0.01,cerrada sin definir,si
2025-06-11 20:33,2025-06-11 17:33:13,GBPJPY-T,BUY,real,tendencia,195.68,194.86,196.68,0.01,cerrada sin definir,si
2025-06-11 20:33,2025-06-11 17:33:14,GBPJPY-T,BUY,real,tendencia,195.68,193.43,198.59,0.01,cerrada sin definir,si
2025-06-11 20:33,2025-06-11 17:33:14,XLMUSD-T,BUY,real,doble_piso,0.28,0.27,0.28,0.1,cerrada sin definir,si
2025-06-11 20:33,2025-06-11 17:33:14,[GER40]-T,BUY,real,tendencia,23836.43,23910.49,23737.68,0.01,cerrada sin definir,si
2025-06-11 20:33,2025-06-11 17:33:14,[JP225]-T,BUY,real,tendencia,38309.72,37434.15,39456.15,1.0,pendiente,si
2025-06-11 20:38,2025-06-11 17:38:20,USDCHF-T,BUY,real,tendencia,0.82,0.82,0.81,0.02,perdida,si
2025-06-11 20:38,2025-06-11 17:38:20,[USA500]-T,BUY,real,tendencia,6018.63,6028.87,6004.98,0.1,cerrada sin definir,si
2025-06-11 20:38,2025-06-11 17:38:20,[USA100]-T,BUY,real,tendencia,21837.3,21880.66,21779.49,0.02,pendiente,si
2025-06-11 20:37,2025-06-11 17:38:20,[GER40]-T,BUY,real,tendencia,23848.91,23899.23,23781.81,0.01,cerrada sin definir,si
2025-06-11 20:38,2025-06-11 17:38:22,[JP225]-T,BUY,real,tendencia,38310.71,38381.42,38216.43,1.0,cerrada sin definir,si
2025-06-11 20:38,2025-06-11 17:38:22,[JP225]-T,BUY,real,tendencia,38319.71,37458.15,39447.46,1.0,cerrada sin definir,si
2025-06-11 20:43,2025-06-11 17:43:26,USDCHF-T,BUY,real,tendencia,0.82,0.82,0.81,0.02,perdida,si
2025-06-11 20:43,2025-06-11 17:43:26,[USA500]-T,BUY,real,tendencia,6018.38,6028.78,6004.51,0.1,pendiente,si
2025-06-11 20:43,2025-06-11 17:43:26,[USA100]-T,BUY,real,tendencia,21836.68,21880.72,21777.96,0.02,pendiente,si
2025-06-11 21:04,2025-06-11 18:04:43,XLMUSD-T,BUY,real,tendencia,0.27,0.28,0.27,0.1,ganada,si
2025-06-11 21:35,2025-06-11 18:35:06,EURGBP-T,BUY,real,doble_techo,0.85,0.85,0.85,0.06,ganada,si
2025-06-11 21:41,2025-06-11 18:41:41,[USA100]-T,BUY,real,tendencia,21795.68,21819.96,21763.3,0.02,cerrada sin definir,si
2025-06-11 21:51,2025-06-11 18:51:07,[USA500]-T,BUY,real,tendencia,6003.63,6009.42,5995.91,0.1,cerrada sin definir,si
2025-06-11 21:51,2025-06-11 18:51:08,[USA500]-T,BUY,real,doble_techo,6003.63,6027.63,5993.63,0.1,cerrada sin definir,si
2025-06-11 22:26,2025-06-11 19:26:30,[USA100]-T,BUY,real,tendencia,21763.05,21789.54,21727.73,0.02,pendiente,si
2025-06-11 22:31,2025-06-11 19:31:33,AUDUSD-T,BUY,real,tendencia,0.65,0.65,0.65,2.73,perdida,si
2025-06-11 22:41,2025-06-11 19:41:40,[USA500]-T,BUY,real,tendencia,5996.0,6002.19,5987.75,0.1,pendiente,si
2025-06-11 22:41,2025-06-11 19:41:40,[USA500]-T,BUY,real,tendencia,5996.25,6015.73,5970.27,0.1,pendiente,si
2025-06-11 22:46,2025-06-11 19:46:43,NZDUSD-T,BUY,real,doble_techo,0.6,0.61,0.6,0.01,ganada,si
2025-06-11 22:51,2025-06-11 19:51:47,NZDUSD-T,BUY,real,doble_techo,0.6,0.61,0.6,0.01,ganada,si
2025-06-11 23:01,2025-06-11 20:01:53,EURGBP-T,BUY,real,doble_techo,0.85,0.85,0.85,0.11,ganada,si
2025-06-11 23:06,2025-06-11 20:06:56,AUDUSD-T,BUY,real,doble_techo,0.65,0.65,0.65,0.02,ganada,si
2025-06-11 23:06,2025-06-11 20:06:56,LTCUSD-T,BUY,real,doble_piso,92.02,91.11,92.16,0.1,cerrada sin definir,si
2025-06-12 00:02,2025-06-11 21:02:29,LTCUSD-T,BUY,real,tendencia,90.99,91.92,89.75,0.1,cerrada sin definir,si
2025-06-12 00:07,2025-06-11 21:07:32,LTCUSD-T,BUY,real,tendencia,90.83,91.78,89.57,0.1,cerrada sin definir,si
2025-06-12 00:12,2025-06-11 21:12:35,EURGBP-T,BUY,real,doble_techo,0.85,0.85,0.85,0.1,ganada,si
2025-06-12 00:27,2025-06-11 21:27:44,EURGBP-T,BUY,real,doble_techo,0.85,0.85,0.85,0.09,ganada,si
2025-06-12 14:24,2025-06-12 11:24:11,NZDUSD-T,BUY,real,doble_piso,0.61,0.6,0.61,0.01,cerrada sin definir,si
2025-06-12 14:24,2025-06-12 11:24:11,NZDUSD-T,BUY,real,tendencia,0.61,0.6,0.61,0.01,cerrada sin definir,si
2025-06-12 14:24,2025-06-12 11:24:11,EURJPY-T,BUY,real,doble_techo,166.21,166.54,166.0,0.01,pendiente,si
2025-06-12 14:24,2025-06-12 11:24:12,EURJPY-T,BUY,real,tendencia,166.23,164.5,168.49,0.01,pendiente,si
2025-06-12 14:24,2025-06-12 11:24:12,LTCUSD-T,BUY,real,tendencia,89.25,91.03,89.36,0.1,ganada,si
2025-06-12 14:24,2025-06-12 11:24:13,[USA500]-T,BUY,real,doble_piso,6039.38,6016.52,6068.45,0.1,pendiente,si
2025-06-12 14:24,2025-06-12 11:24:13,[USA500]-T,BUY,real,tendencia,6039.38,5995.76,6096.13,0.1,pendiente,si
2025-06-12 14:24,2025-06-12 11:24:13,[USA100]-T,BUY,real,doble_piso,21921.09,21816.58,22058.34,0.02,pendiente,si
2025-06-12 14:24,2025-06-12 11:24:14,[USA100]-T,BUY,real,tendencia,21921.09,21726.88,22177.94,0.02,pendiente,si
2025-06-12 14:24,2025-06-12 11:24:14,[GER40]-T,BUY,real,doble_piso,23784.67,23723.45,23860.46,0.01,pendiente,si
2025-06-12 14:29,2025-06-12 11:29:18,EURGBP-T,BUY,real,doble_techo,0.85,0.85,0.85,0.03,perdida,si
2025-06-12 14:29,2025-06-12 11:29:19,GBPJPY-T,BUY,real,tendencia,195.23,195.56,194.78,0.01,cerrada sin definir,si
2025-06-12 14:34,2025-06-12 11:34:22,AUDUSD-T,BUY,real,tendencia,0.65,0.65,0.66,0.01,cerrada sin definir,si
2025-06-12 14:39,2025-06-12 11:39:27,AUDUSD-T,BUY,real,tendencia,0.65,0.65,0.66,0.01,cerrada sin definir,si
2025-06-12 16:27,2025-06-12 13:27:56,AUDUSD-T,BUY,real,tendencia,0.65,0.65,0.66,0.01,cerrada sin definir,si
2025-06-12 16:27,2025-06-12 13:27:57,NZDUSD-T,BUY,real,tendencia,0.61,0.6,0.61,0.01,cerrada sin definir,si
2025-06-12 16:27,2025-06-12 13:27:57,USDCAD-T,BUY,real,doble_techo,1.36,1.37,1.35,0.01,cerrada sin definir,si
2025-06-12 16:27,2025-06-12 13:27:57,USDCHF-T,BUY,real,tendencia,0.81,0.82,0.81,0.01,cerrada sin definir,si
2025-06-12 16:27,2025-06-12 13:27:58,[USA500]-T,BUY,real,doble_piso,6040.77,6018.22,6062.04,0.1,cerrada sin definir,si
2025-06-12 16:27,2025-06-12 13:27:58,[USA500]-T,BUY,real,tendencia,6040.77,6014.08,6067.56,0.1,cerrada sin definir,si
2025-06-12 16:27,2025-06-12 13:27:59,[USA100]-T,BUY,real,doble_techo,21897.62,21944.84,21865.74,0.02,pendiente,si
2025-06-12 16:27,2025-06-12 13:27:59,[USA100]-T,BUY,real,tendencia,21909.53,21791.35,22039.32,0.02,pendiente,si
2025-06-12 16:28,2025-06-12 13:28:00,[GER40]-T,BUY,real,tendencia,23768.68,23884.52,23614.23,0.01,pendiente,si
2025-06-12 16:28,2025-06-12 13:28:00,[JP225]-T,BUY,real,tendencia,38214.47,37320.49,39385.44,1.0,pendiente,si
2025-06-12 16:33,2025-06-12 13:33:08,AUDUSD-T,BUY,real,tendencia,0.65,0.65,0.66,0.01,cerrada sin definir,si
2025-06-12 16:33,2025-06-12 13:33:08,NZDUSD-T,BUY,real,tendencia,0.61,0.6,0.61,0.01,cerrada sin definir,si
2025-06-12 16:33,2025-06-12 13:33:08,USDCAD-T,BUY,real,doble_techo,1.36,1.37,1.35,0.01,cerrada sin definir,si
2025-06-12 16:33,2025-06-12 13:33:09,GBPJPY-T,BUY,real,doble_piso,195.25,195.14,195.31,0.01,ganada,si
2025-06-12 16:33,2025-06-12 13:33:10,GBPJPY-T,BUY,real,doble_techo,195.21,196.24,194.32,0.01,cerrada sin definir,si
2025-06-12 16:33,2025-06-12 13:33:10,LTCUSD-T,BUY,real,tendencia,88.45,89.39,87.2,0.1,cerrada sin definir,si
2025-06-12 16:33,2025-06-12 13:33:10,[USA500]-T,BUY,real,tendencia,6039.78,6016.46,6069.47,0.1,pendiente,si
2025-06-12 16:33,2025-06-12 13:33:11,[USA100]-T,BUY,real,doble_techo,21900.76,21928.88,21890.56,0.02,pendiente,si
2025-06-12 16:33,2025-06-12 13:33:11,[USA100]-T,BUY,real,tendencia,21901.66,21794.59,22042.32,0.02,pendiente,si
2025-06-12 16:33,2025-06-12 13:33:12,[GER40]-T,BUY,real,doble_techo,23765.99,23780.65,23757.59,0.01,cerrada sin definir,si
2025-06-12 16:33,2025-06-12 13:33:12,[GER40]-T,BUY,real,tendencia,23765.99,23882.26,23610.97,0.01,cerrada sin definir,si
2025-06-12 16:33,2025-06-12 13:33:13,[JP225]-T,BUY,real,tendencia,38213.47,37316.5,39381.45,1.0,pendiente,si
2025-06-12 16:37,2025-06-12 13:37:23,AUDUSD-T,BUY,real,tendencia,0.65,0.65,0.66,0.01,cerrada sin definir,si
2025-06-12 16:37,2025-06-12 13:37:23,NZDUSD-T,BUY,real,tendencia,0.61,0.6,0.61,0.01,cerrada sin definir,si
2025-06-12 16:37,2025-06-12 13:37:24,USDCAD-T,BUY,real,doble_techo,1.36,1.37,1.35,0.01,cerrada sin definir,si
2025-06-12 16:37,2025-06-12 13:37:24,[JP225]-T,BUY,real,tendencia,38204.49,37310.51,39375.46,1.0,pendiente,si
2025-06-12 16:42,2025-06-12 13:42:28,EURGBP-T,BUY,real,doble_techo,0.85,0.85,0.85,0.07,perdida,si
2025-06-12 16:42,2025-06-12 13:42:28,XLMUSD-T,BUY,real,doble_techo,0.27,0.27,0.27,0.1,ganada,si
2025-06-12 16:42,2025-06-12 13:42:29,[GER40]-T,BUY,real,tendencia,23752.0,23869.66,23595.12,0.01,cerrada sin definir,si
2025-06-12 16:47,2025-06-12 13:47:33,EURGBP-T,BUY,real,doble_techo,0.85,0.85,0.85,0.06,ganada,si
2025-06-12 16:47,2025-06-12 13:47:33,XLMUSD-T,BUY,real,doble_techo,0.27,0.27,0.27,0.1,ganada,si
2025-06-12 17:33,2025-06-12 14:33:09,GBPJPY-T,BUY,real,tendencia,195.36,195.27,195.4,0.01,cerrada sin definir,si
2025-06-12 17:33,2025-06-12 14:33:09,GBPJPY-T,BUY,real,doble_piso,195.36,195.2,195.5,0.01,cerrada sin definir,si
2025-06-12 17:43,2025-06-12 14:43:18,LTCUSD-T,BUY,real,tendencia,86.76,87.5,85.77,0.1,cerrada sin definir,si
2025-06-12 17:58,2025-06-12 14:58:30,XLMUSD-T,BUY,real,doble_techo,0.27,0.27,0.27,0.1,ganada,si
2025-06-12 18:08,2025-06-12 15:08:38,EURGBP-T,BUY,real,doble_techo,0.85,0.85,0.85,0.02,perdida,si
2025-06-12 18:13,2025-06-12 15:13:42,EURGBP-T,BUY,real,doble_techo,0.85,0.85,0.85,0.05,perdida,si
2025-06-12 18:13,2025-06-12 15:13:42,EURGBP-T,BUY,real,doble_techo,0.85,0.85,0.85,0.03,perdida,si
2025-06-12 18:13,2025-06-12 15:13:42,EURGBP-T,BUY,real,tendencia,0.85,0.85,0.86,0.02,ganada,si
2025-06-12 18:13,2025-06-12 15:13:42,GBPJPY-T,BUY,real,doble_piso,195.54,194.99,195.62,0.01,ganada,si
2025-06-12 20:20,2025-06-12 17:20:07,USDCHF-T,BUY,real,tendencia,0.81,0.82,0.8,0.01,cerrada sin definir,si
2025-06-12 21:22,2025-06-12 18:22:42,GBPJPY-T,BUY,real,tendencia,194.28,194.77,193.62,0.01,cerrada sin definir,si
2025-06-12 21:22,2025-06-12 18:22:43,LTCUSD-T,BUY,real,tendencia,84.24,85.95,81.96,0.1,cerrada sin definir,si
2025-06-12 21:22,2025-06-12 18:22:43,XLMUSD-T,BUY,real,tendencia,0.26,0.27,0.26,0.1,ganada,si
2025-06-12 21:22,2025-06-12 18:22:44,[GER40]-T,BUY,real,tendencia,23408.07,23526.38,23250.33,0.01,pendiente,si
2025-06-12 21:27,2025-06-12 18:27:50,LTCUSD-T,BUY,real,tendencia,83.67,84.59,82.44,0.1,cerrada sin definir,si
2025-06-12 21:27,2025-06-12 18:27:50,[USA500]-T,BUY,real,tendencia,5966.63,5984.0,5943.47,0.1,pendiente,si
2025-06-12 21:27,2025-06-12 18:27:51,[USA100]-T,BUY,real,tendencia,21587.05,21662.18,21486.87,0.02,pendiente,si
2025-06-12 21:32,2025-06-12 18:32:55,[USA500]-T,BUY,real,tendencia,5956.38,5975.22,5931.26,0.1,pendiente,si
2025-06-12 21:32,2025-06-12 18:32:55,[USA100]-T,BUY,real,tendencia,21547.55,21630.83,21440.89,0.02,pendiente,si
2025-06-12 21:38,2025-06-12 18:38:00,AUDUSD-T,BUY,real,doble_piso,0.65,0.64,0.65,0.01,ganada,si
2025-06-12 21:43,2025-06-12 18:43:04,AUDUSD-T,BUY,real,doble_piso,0.65,0.64,0.65,0.01,ganada,si
2025-06-12 22:03,2025-06-12 19:03:20,XLMUSD-T,BUY,real,tendencia,0.26,0.26,0.25,0.1,ganada,si
2025-06-12 22:03,2025-06-12 19:03:20,XLMUSD-T,BUY,real,tendencia,0.26,0.26,0.25,0.1,ganada,si
2025-06-12 22:03,2025-06-12 19:03:20,XLMUSD-T,BUY,real,tendencia,0.26,0.26,0.25,0.1,ganada,si
2025-06-12 22:03,2025-06-12 19:03:21,ETCUSD-T,BUY,real,tendencia,16.28,16.63,15.81,0.1,cerrada sin definir,si
2025-06-12 22:13,2025-06-12 19:13:28,LTCUSD-T,BUY,real,tendencia,81.71,82.72,80.36,0.1,cerrada sin definir,si
2025-06-12 22:13,2025-06-12 19:13:30,[USA500]-T,BUY,real,tendencia,5940.13,5961.51,5911.63,0.1,cerrada sin definir,si
2025-06-12 23:44,2025-06-12 20:44:41,[USA500]-T,BUY,real,tendencia,5930.38,5942.05,5914.83,0.1,cerrada sin definir,si
2025-06-13 00:20,2025-06-12 21:20:11,USDCHF-T,BUY,real,tendencia,0.81,0.81,0.8,0.02,perdida,si
2025-06-13 00:20,2025-06-12 21:20:12,USDCHF-T,BUY,real,tendencia,0.81,0.82,0.79,0.01,cerrada sin definir,si
2025-06-13 13:19,2025-06-13 10:19:43,GBPJPY-T,BUY,real,doble_piso,195.84,195.23,196.58,0.01,cerrada sin definir,si
2025-06-13 13:19,2025-06-13 10:19:43,ETCUSD-T,BUY,real,tendencia,16.65,17.32,15.76,0.1,pendiente,si
2025-06-13 13:19,2025-06-13 10:19:44,[USA500]-T,BUY,real,doble_piso,6025.69,5998.98,6059.9,0.1,cerrada sin definir,si
2025-06-13 13:19,2025-06-13 10:19:44,[GER40]-T,BUY,real,tendencia,23562.01,23531.18,23600.9,0.01,pendiente,si
2025-06-13 13:19,2025-06-13 10:19:45,[GER40]-T,BUY,real,doble_piso,23562.01,23496.87,23646.3,0.01,pendiente,si
2025-06-13 13:19,2025-06-13 10:19:46,[GER40]-T,BUY,real,tendencia,23560.91,23813.98,23223.48,0.01,pendiente,si
2025-06-13 13:24,2025-06-13 10:24:51,NZDUSD-T,BUY,real,doble_piso,0.6,0.6,0.61,0.01,cerrada sin definir,si
2025-06-13 13:24,2025-06-13 10:24:52,XLMUSD-T,BUY,real,tendencia,0.26,0.27,0.25,0.1,ganada,si
2025-06-13 13:24,2025-06-13 10:24:52,XLMUSD-T,BUY,real,tendencia,0.26,0.28,0.24,0.1,ganada,si
2025-06-13 13:24,2025-06-13 10:24:52,[USA500]-T,BUY,real,tendencia,6023.73,6003.26,6049.63,0.1,pendiente,si
2025-06-13 13:24,2025-06-13 10:24:52,[USA500]-T,BUY,real,doble_piso,6023.73,6001.04,6052.59,0.1,pendiente,si
2025-06-13 13:24,2025-06-13 10:24:53,[USA100]-T,BUY,real,doble_piso,21827.98,21732.58,21952.79,0.02,pendiente,si
2025-06-13 13:24,2025-06-13 10:24:53,[SPA35]-T,BUY,real,doble_piso,13939.24,13901.34,13981.61,0.1,pendiente,si
2025-06-13 13:29,2025-06-13 10:29:58,NZDUSD-T,BUY,real,doble_piso,0.6,0.6,0.61,0.01,cerrada sin definir,si
2025-06-13 13:29,2025-06-13 10:29:58,EURGBP-T,BUY,real,tendencia,0.85,0.85,0.85,0.11,ganada,si
2025-06-13 13:29,2025-06-13 10:29:58,[USA100]-T,BUY,real,doble_piso,21806.68,21710.02,21933.46,0.02,pendiente,si
2025-06-13 13:29,2025-06-13 10:29:59,[SPA35]-T,BUY,real,doble_piso,13929.25,13890.49,13972.76,0.1,pendiente,si
2025-06-13 14:00,2025-06-13 11:00:26,EURGBP-T,BUY,real,tendencia,0.85,0.85,0.85,0.28,pendiente,si
2025-06-13 14:15,2025-06-13 11:15:41,EURGBP-T,BUY,real,tendencia,0.85,0.85,0.85,0.13,pendiente,si
2025-06-13 14:25,2025-06-13 11:25:50,AUDUSD-T,BUY,real,doble_techo,0.65,0.65,0.65,0.02,ganada,si
2025-06-13 14:30,2025-06-13 11:30:55,AUDUSD-T,BUY,real,doble_techo,0.65,0.65,0.65,0.02,ganada,si
2025-06-13 14:41,2025-06-13 11:41:03,AUDUSD-T,BUY,real,doble_techo,0.65,0.65,0.65,0.01,ganada,si
2025-06-13 14:46,2025-06-13 11:46:09,AUDUSD-T,BUY,real,doble_techo,0.65,0.65,0.65,0.01,ganada,si
2025-06-13 14:46,2025-06-13 11:46:09,EURGBP-T,BUY,real,tendencia,0.85,0.85,0.85,0.83,pendiente,si
2025-06-13 15:11,2025-06-13 12:11:34,[USA500]-T,BUY,real,doble_techo,5994.55,6010.47,5981.85,0.1,pendiente,si
2025-06-13 15:11,2025-06-13 12:11:34,[USA100]-T,BUY,real,doble_techo,21723.37,21787.57,21673.43,0.02,pendiente,si
2025-06-13 15:16,2025-06-13 12:16:39,[USA500]-T,BUY,real,doble_techo,5988.9,6010.47,5981.85,0.1,pendiente,si
2025-06-13 15:16,2025-06-13 12:16:39,[USA100]-T,BUY,real,doble_techo,21700.55,21787.57,21673.43,0.02,pendiente,si
2025-06-13 15:21,2025-06-13 12:21:43,AUDUSD-T,BUY,real,doble_techo,0.65,0.65,0.65,0.01,ganada,si
2025-06-13 15:21,2025-06-13 12:21:43,EURGBP-T,BUY,real,tendencia,0.85,0.84,0.86,0.01,cerrada sin definir,si
2025-06-13 15:26,2025-06-13 12:26:48,AUDUSD-T,BUY,real,doble_techo,0.65,0.65,0.65,0.01,ganada,si
2025-06-13 15:52,2025-06-13 12:52:09,GBPJPY-T,BUY,real,doble_techo,195.26,195.75,195.3,0.01,ganada,si
2025-06-13 15:57,2025-06-13 12:57:14,GBPJPY-T,BUY,real,doble_techo,195.27,195.75,195.3,0.01,ganada,si
2025-06-13 16:07,2025-06-13 13:07:23,[USA100]-T,BUY,real,doble_techo,21652.52,21828.76,21607.84,0.02,pendiente,si
2025-06-13 16:22,2025-06-13 13:22:35,GBPJPY-T,BUY,real,tendencia,195.1,195.24,194.91,0.01,pendiente,si
2025-06-13 16:37,2025-06-13 13:37:48,GBPJPY-T,BUY,real,doble_techo,195.18,195.86,195.23,0.01,cerrada sin definir,si
2025-06-13 16:42,2025-06-13 13:42:53,GBPJPY-T,BUY,real,doble_techo,195.14,195.31,195.07,0.01,cerrada sin definir,si
2025-06-13 16:58,2025-06-13 13:58:06,GBPJPY-T,BUY,real,doble_techo,195.28,195.86,195.23,0.01,cerrada sin definir,si
2025-06-13 17:43,2025-06-13 14:43:49,LTCUSD-T,BUY,real,tendencia,85.75,84.98,85.82,0.1,pendiente,si
2025-06-13 17:43,2025-06-13 14:43:49,LTCUSD-T,BUY,real,doble_piso,85.75,84.19,86.88,0.1,pendiente,si
2025-06-13 17:43,2025-06-13 14:43:49,LTCUSD-T,BUY,real,tendencia,85.34,91.6,76.99,0.1,pendiente,si
