timeframe,bar_open,bar_close,open,high,low,close,trend,band_bottom,band_top,touches_band,ao_previous,ao_current,color_previous,color_current,turn_green,turn_red,reconstructed_signal,signal_reason,ema_30,ema_30_slope_base,ema_30_slope_up,ema_30_slope_down,ema_30_reference,ema_30_difference,ema_35,ema_35_slope_base,ema_35_slope_up,ema_35_slope_down,ema_35_reference,ema_35_difference,ema_40,ema_40_slope_base,ema_40_slope_up,ema_40_slope_down,ema_40_reference,ema_40_difference,ema_45,ema_45_slope_base,ema_45_slope_up,ema_45_slope_down,ema_45_reference,ema_45_difference,ema_50,ema_50_slope_base,ema_50_slope_up,ema_50_slope_down,ema_50_reference,ema_50_difference,ema_60,ema_60_slope_base,ema_60_slope_up,ema_60_slope_down,ema_60_reference,ema_60_difference,ao_reference,ao_difference,matched_timeframe,classification,signal_close,market_entry,absolute_drift,drift_points,atr_14,drift_in_atr,initial_risk_distance,drift_in_r,entry_delay_seconds,signal_log_time,ticket,position_id,symbol
,2026-09-01T17:00:00+00:00,2026-09-01T17:15:00+00:00,185.555,185.71,185.543,185.689,BULLISH,185.54361469799878,185.57023953071126,True,0.049608823529439405,0.05417352941179843,RED,GREEN,True,False,BUY_CANDIDATE,BULLISH + touches_band + ao_turn_green,185.57023953071126,185.55725949647044,True,False,185.57023953071126,0.0,185.56484052282167,185.55289271913213,True,False,185.56484052282167,0.0,185.5600895974765,185.5489966308886,True,False,185.5600895974765,0.0,185.55569696445878,185.54530446718343,True,False,185.55569696445878,0.0,185.55151557057874,185.5417002095457,True,False,185.55151557057874,0.0,185.54361469799878,185.5346963602241,True,False,185.54361469799878,0.0,0.05417352941179843,0.0,M15,VALID_SIGNAL_BUT_LATE_ENTRY,185.689,185.573,0.11599999999998545,115.99999999998545,0.08721428571429003,1.3300573300570973,0.05200000000002092,2.2307692307680536,9662.0,2026-09-01T19:48:10.102489+00:00,1230321823,1230321823,EURJPY-T
,2026-09-01T20:25:00+00:00,2026-09-01T20:26:00+00:00,25891.16,25896.16,25870.16,25882.16,BEARISH,25895.4132003557,25906.731377653574,True,-10.7705882352966,-11.202941176470631,GREEN,RED,False,True,SELL_CANDIDATE,BEARISH + touches_band + ao_turn_red,25895.4132003557,25897.547268514354,False,True,25895.4132003557,0.0,25897.15066712548,25899.276541965362,False,True,25897.15066712548,0.0,25898.973906130846,25901.107811400125,False,True,25898.973906130846,0.0,25900.864571251634,25903.014293615575,False,True,25900.864571251634,0.0,25902.800738820915,25904.968767140675,False,True,25902.800738820915,0.0,25906.731377653574,25908.932600271626,False,True,25906.731377653574,0.0,-11.202941176470631,0.0,M1,VALID_SIGNAL_AND_ENTRY,25882.16,25882.66,0.5,50.0,7.214285714285714,0.0693069306930693,15.0,0.03333333333333333,0,2026-09-01T17:54:00.805905+00:00,1230322496,1230322496,[GER40]-T
,2026-09-01T20:25:00+00:00,2026-09-01T20:26:00+00:00,77414.41,77424.41,77289.41,77357.41,BEARISH,77402.97765721577,77437.31298640116,True,9.179411764722317,-5.602941176461172,GREEN,RED,False,True,SELL_CANDIDATE,BEARISH + touches_band + ao_turn_red,77402.97765721577,77405.27748436239,False,True,77402.97765721577,0.0,77406.79635148303,77409.4218464989,False,True,77406.79635148303,0.0,77411.48766026896,77414.49896683014,False,True,77411.48766026896,0.0,77417.00054015953,77420.42710200234,False,True,77417.00054015953,0.0,77423.22819540685,77427.07538975184,False,True,77423.22819540685,0.0,77437.31298640116,77441.95571186113,False,True,77437.31298640116,0.0,-5.602941176461172,0.0,M1,VALID_SIGNAL_AND_ENTRY,77357.41,77337.41,20.0,2000.0,62.07142857142857,0.3222094361334868,370.179999999993,0.05402777027392181,0,2026-09-01T19:55:00.680254+00:00,1230322497,1230322497,BTCUSD-T
,2026-09-01T20:28:00+00:00,2026-09-01T20:29:00+00:00,49.5,49.51,49.48,49.5,BEARISH,49.485910096027965,49.49480409757818,True,-0.005323529411761285,-0.0077647058823515636,GREEN,RED,False,True,SELL_CANDIDATE,BEARISH + touches_band + ao_turn_red,49.485910096027965,49.487616862961524,False,True,49.485910096027965,0.0,49.488074590349505,49.48996153285535,False,True,49.488074590349505,0.0,49.489948872603236,49.49191163453005,False,True,49.489948872603236,0.0,49.491546345828326,49.49352220038442,False,True,49.491546345828326,0.0,49.49288282280541,49.49483241955275,False,True,49.49288282280541,0.0,49.49480409757818,49.49663046792707,False,True,49.49480409757818,0.0,-0.0077647058823515636,0.0,M1,VALID_SIGNAL_AND_ENTRY,49.5,49.51,0.00999999999999801,0.999999999999801,0.06285714285714253,0.15909090909087828,0.5500000000000043,0.018181818181814424,0,2026-09-01T17:29:02.290801+00:00,1230322542,1230322542,LTCUSD-T
,2026-09-01T20:00:00+00:00,2026-09-01T20:30:00+00:00,185.552,185.68,185.548,185.679,BULLISH,185.52523082439447,185.55331393942822,True,0.01342941176471868,0.021329411764696715,RED,GREEN,True,False,BUY_CANDIDATE,BULLISH + touches_band + ao_turn_green,185.55331393942822,185.54193667512013,True,False,185.55331393942822,0.0,185.5469935532397,185.53626651791043,True,False,185.5469935532397,0.0,185.54116869877217,185.53098410101447,True,False,185.54116869877217,0.0,185.53602079370685,185.5263388426964,True,False,185.53602079370685,0.0,185.53164325673956,185.52245074458565,True,False,185.53164325673956,0.0,185.52523082439447,185.5169986013754,True,False,185.52523082439447,0.0,0.021329411764696715,0.0,M30,VALID_SIGNAL_AND_ENTRY,185.679,185.704,0.025000000000005684,25.000000000005684,0.11521428571428974,0.21698698078119488,0.23699999999999477,0.10548523206753686,0,2026-09-01T19:48:10.102489+00:00,1230322586,1230322586,EURJPY-T
,2026-09-01T20:34:00+00:00,2026-09-01T20:35:00+00:00,0.71499,0.715,0.71486,0.71486,BEARISH,0.7149586390822245,0.71503237968989,True,0.00010520588235296557,9.979411764704516e-05,GREEN,RED,False,True,SELL_CANDIDATE,BEARISH + touches_band + ao_turn_red,0.7149586390822245,0.7149606058837403,False,True,0.7149586390822245,0.0,0.7149673688398589,0.7149705668784972,False,True,0.7149673688398589,0.0,0.7149783265829905,0.7149828056175305,False,True,0.7149783265829905,0.0,0.7149908673347218,0.7149965611252405,False,True,0.7149908673347218,0.0,0.7150043880170331,0.7150111711518793,False,True,0.7150043880170331,0.0,0.71503237968989,0.7150408813675737,False,True,0.71503237968989,0.0,9.979411764704516e-05,0.0,M1,VALID_SIGNAL_AND_ENTRY,0.71486,0.71484,2.0000000000020002e-05,2.000000000002,9.428571428572135e-05,0.2121212121214084,0.00039000000000000146,0.05128205128210238,0,2026-09-01T17:35:01.367456+00:00,1230322682,1230322682,AUDUSD-T
,2026-09-01T20:39:00+00:00,2026-09-01T20:40:00+00:00,25892.16,25894.16,25889.16,25889.66,BEARISH,25892.71596628862,25900.795180351175,True,0.4485294117657759,0.007352941178396577,GREEN,RED,False,True,SELL_CANDIDATE,BEARISH + touches_band + ao_turn_red,25892.71596628862,25893.137194296778,False,True,25892.71596628862,0.0,25893.723544045963,25894.267386296775,False,True,25893.723544045963,0.0,25894.906709742456,25895.56862088302,False,True,25894.906709742456,0.0,25896.23382895192,25897.00633516698,False,True,25896.23382895192,0.0,25897.674914311745,25898.549080216297,False,True,25897.674914311745,0.0,25900.795180351175,25901.84430010513,False,True,25900.795180351175,0.0,0.007352941178396577,0.0,M1,VALID_SIGNAL_AND_ENTRY,25889.66,25890.16,0.5,50.0,6.25,0.08,8.5,0.058823529411764705,0,2026-09-01T17:54:00.805905+00:00,1230322747,1230322747,[GER40]-T
,2026-09-01T20:42:00+00:00,2026-09-01T20:43:00+00:00,1.3902999999999999,1.39046,1.39029,1.39046,BULLISH,1.3902905999310016,1.3903207379423672,True,-1.3058823529643604e-05,-3.2647058822998787e-06,RED,GREEN,True,False,BUY_CANDIDATE,BULLISH + touches_band + ao_turn_green,1.3903207379423672,1.3903092740186582,True,False,1.3903207379423672,0.0,1.3903174494161583,1.3903072206381102,True,False,1.3903174494161583,0.0,1.3903134219677276,1.3903039622285909,True,False,1.3903134219677276,0.0,1.3903086939016085,1.3902997125000818,True,False,1.3903086939016085,0.0,1.3903033053404712,1.3902946114010222,True,False,1.3903033053404712,0.0,1.3902905999310016,1.3902821186340313,True,False,1.3902905999310016,0.0,-3.2647058822998787e-06,0.0,M1,VALID_SIGNAL_AND_ENTRY,1.39046,1.3906399999999999,0.00017999999999984695,17.999999999984695,0.00011499999999996038,1.5652173913035563,0.0005199999999998539,0.3461538461536491,0,2026-09-01T18:16:01.236814+00:00,1230322796,1230322796,USDCAD-T
,2026-09-01T20:46:00+00:00,2026-09-01T20:47:00+00:00,64941.87,64946.87,64889.39,64909.38,BEARISH,64934.44563024167,64981.022795880504,True,24.164558823526022,23.032852941178135,GREEN,RED,False,True,SELL_CANDIDATE,BEARISH + touches_band + ao_turn_red,64934.44563024167,64934.66004389394,False,True,64934.44563024167,0.0,64939.88687970462,64941.06167564367,False,True,64939.88687970462,0.0,64946.69694815778,64948.80031699764,False,True,64946.69694815778,0.0,64954.514401221844,64957.47261454415,False,True,64954.514401221844,0.0,64963.01535063173,64966.73595624824,False,True,64963.01535063173,0.0,64981.022795880504,64985.97636599533,False,True,64981.022795880504,0.0,23.032852941178135,0.0,M1,VALID_SIGNAL_AND_ENTRY,64909.38,64916.88,7.5,750.0,27.490714285713434,0.2728193935614708,48.38000000000466,0.15502273666802974,0,2026-09-01T20:05:01.129845+00:00,1230322853,1230322853,[JP225]-T
,2026-09-01T21:15:00+00:00,2026-09-01T21:20:00+00:00,216.513,216.529,216.5,216.528,BEARISH,216.52290498829856,216.55210021689598,True,0.01827352941174354,0.018138235294117067,GREEN,RED,False,True,SELL_CANDIDATE,BEARISH + touches_band + ao_turn_red,216.52290498829856,216.52343402789788,False,True,216.52290498829856,0.0,216.5281521928017,216.52958550547928,False,True,216.5281521928017,0.0,216.5335700507738,216.53569061294667,False,True,216.5335700507738,0.0,216.53882509135047,216.54144580075703,False,True,216.53882509135047,0.0,216.54372303440232,216.5466917205968,False,True,216.54372303440232,0.0,216.55210021689598,216.55543200293738,False,True,216.55210021689598,0.0,0.018138235294117067,0.0,M5,VALID_SIGNAL_AND_ENTRY,216.528,216.529,0.0010000000000047748,1.0000000000047748,0.03207142857143148,0.03118040089101465,0.07900000000000773,0.012658227848160468,0,2026-09-01T20:00:00.780078+00:00,1230324821,1230324821,GBPJPY-T
,2026-09-01T21:23:00+00:00,2026-09-01T21:24:00+00:00,64849.47,64856.97,64836.98,64846.97,BEARISH,64855.626366044875,64892.22618696617,True,-5.015529411750322,-5.382823529405869,GREEN,RED,False,True,SELL_CANDIDATE,BEARISH + touches_band + ao_turn_red,64855.626366044875,64857.54369309289,False,True,64855.626366044875,0.0,64860.91732144248,64863.52623420568,False,True,64860.91732144248,0.0,64866.53815113172,64869.705658796505,False,True,64866.53815113172,0.0,64872.497248655076,64876.13886123086,False,True,64872.497248655076,0.0,64878.78864860966,64882.846000278114,False,True,64878.78864860966,0.0,64892.22618696617,64896.98628488683,False,True,64892.22618696617,0.0,-5.382823529405869,0.0,M1,VALID_SIGNAL_AND_ENTRY,64846.97,64839.48,7.489999999997963,748.9999999997963,21.419999999998254,0.3496732026143125,50.86999999999534,0.14723805779435126,0,2026-09-01T20:05:01.129845+00:00,1230324916,1230324916,[JP225]-T
,2026-09-01T22:26:00+00:00,2026-09-01T22:27:00+00:00,0.58908,0.5891,0.58907,0.58909,BULLISH,0.5890540803650467,0.5890776811216628,True,-1.755882352949545e-05,-1.6617647058958518e-05,RED,GREEN,True,False,BUY_CANDIDATE,BULLISH + touches_band + ao_turn_green,0.5890776811216628,0.5890750001351205,True,False,0.5890776811216628,0.0,0.5890712746670725,0.5890678066066288,True,False,0.5890712746670725,0.0,0.5890656336480883,0.5890617157514438,True,False,0.5890656336480883,0.0,0.589061029119479,0.5890569169136646,True,False,0.589061029119479,0.0,0.5890575642296458,0.5890534448454874,True,False,0.5890575642296458,0.0,0.5890540803650467,0.5890503137873817,True,False,0.5890540803650467,0.0,-1.6617647058958518e-05,0.0,M1,VALID_SIGNAL_AND_ENTRY,0.58909,0.58928,0.00019000000000002348,19.00000000000235,3.857142857139577e-05,4.9259259259307235,0.0006000000000000449,0.3166666666666821,0,2026-09-01T21:32:18.822967+00:00,1230327654,1230327654,NZDUSD-T
M5,2026-09-02T00:10:00+00:00,2026-09-02T00:15:00+00:00,0.58866,0.58895,0.5886,0.58895,BEARISH,0.5889399832682447,0.5891237012285749,True,-3.2647058822998787e-06,-2.2676470588178788e-05,GREEN,RED,False,True,SELL_CANDIDATE,BEARISH + touches_band + ao_turn_red,0.5889399832682447,0.5889577646293114,False,True,0.5889399832682447,0.0,0.5889686329138775,0.5889890041021237,False,True,0.5889686329138775,0.0,0.5889993318930264,0.589021926084379,False,True,0.5889993318930264,0.0,0.5890308543287694,0.5890552605764591,False,True,0.5890308543287694,0.0,0.5890623762510967,0.5890882094372603,False,True,0.5890623762510967,0.0,0.5891237012285749,0.5891514571040036,False,True,0.5891237012285749,0.0,-2.2676470588178788e-05,0.0,M5,VALID_SIGNAL_AND_ENTRY,0.58895,0.58895,0.0,0.0,0.00012500000000001795,0.0,0.0014000000000000679,0.0,0,2026-09-01T21:45:02.768190+00:00,1230330339,1230330339,NZDUSD-T
M5,2026-09-02T00:10:00+00:00,2026-09-02T00:15:00+00:00,0.71424,0.71448,0.71424,0.71448,BEARISH,0.7144587652869571,0.7146127809824869,True,-1.1294117647109303e-05,-2.326470588231988e-05,GREEN,RED,False,True,SELL_CANDIDATE,BEARISH + touches_band + ao_turn_red,0.7144587652869571,0.7144631701448905,False,True,0.7144587652869571,0.0,0.7144864787579446,0.7144954415054616,False,True,0.7144864787579446,0.0,0.7145140968583223,0.714526361698148,False,True,0.7145140968583223,0.0,0.7145406914650214,0.7145553205348343,False,True,0.7145406914650214,0.0,0.7145659518392358,0.7145822680807017,False,True,0.7145659518392358,0.0,0.7146127809824869,0.7146311882918209,False,True,0.7146127809824869,0.0,-2.326470588231988e-05,0.0,M5,VALID_SIGNAL_AND_ENTRY,0.71448,0.71433,0.00014999999999998348,14.999999999998346,0.00011071428571425766,1.3548387096776136,0.0012599999999999278,0.11904761904761275,0,2026-09-01T21:15:37.602736+00:00,1230330340,1230330340,AUDUSD-T
M1,2026-09-02T00:15:00+00:00,2026-09-02T00:16:00+00:00,0.71447,0.71447,0.71425,0.71447,BULLISH,0.7143881016044906,0.714405380302593,True,-1.6999999999933735e-05,5.676470588245053e-06,RED,GREEN,True,False,BUY_CANDIDATE,BULLISH + touches_band + ao_turn_green,0.714405380302593,0.714389640600047,True,False,0.714405380302593,0.0,0.7143997469834285,0.714385394750123,True,False,0.7143997469834285,0.0,0.7143952640621157,0.7143821145741681,True,False,0.7143952640621157,0.0,0.7143919456862186,0.7143798810259412,True,False,0.7143919456862186,0.0,0.7143897179432782,0.7143786477989087,True,False,0.7143897179432782,0.0,0.7143881016044906,0.7143787979797783,True,False,0.7143881016044906,0.0,5.676470588245053e-06,0.0,M1,VALID_SIGNAL_AND_ENTRY,0.71447,0.71536,0.0008899999999999464,88.99999999999463,8.142857142857356e-05,10.929824561402564,0.0011099999999999444,0.8018018018017937,0,2026-09-01T21:20:20.263580+00:00,1230330348,1230330348,AUDUSD-T
M1,2026-09-02T00:31:00+00:00,2026-09-02T00:32:00+00:00,0.58888,0.58893,0.58888,0.58893,BULLISH,0.5889039646879756,0.5889217755182736,True,1.67058823529187e-05,2.8294117647043038e-05,RED,GREEN,True,False,BUY_CANDIDATE,BULLISH + touches_band + ao_turn_green,0.5889217755182736,0.5889185745403619,True,False,0.5889217755182736,0.0,0.5889172605405569,0.5889137010935332,True,False,0.5889172605405569,0.0,0.5889133536297166,0.5889096334313406,True,False,0.5889133536297166,0.0,0.5889100869855486,0.5889063371856844,True,False,0.5889100869855486,0.0,0.5889074549951543,0.5889037638446752,True,False,0.5889074549951543,0.0,0.5889039646879756,0.5889005482977393,True,False,0.5889039646879756,0.0,2.8294117647043038e-05,0.0,M1,VALID_SIGNAL_AND_ENTRY,0.58893,0.59002,0.0010900000000000354,109.00000000000352,3.7857142857160895e-05,28.792452830175893,0.0015499999999999403,0.7032258064516628,0,2026-09-01T23:07:01.073099+00:00,1230330369,1230330369,NZDUSD-T
M5,2026-09-02T00:35:00+00:00,2026-09-02T00:40:00+00:00,49.28,49.47,49.27,49.42,BULLISH,49.361544097600344,49.384008676264614,True,0.025117647058827686,0.026970588235300852,RED,GREEN,True,False,BUY_CANDIDATE,BULLISH + touches_band + ao_turn_green,49.384008676264614,49.38079308190573,True,False,49.384008676264614,0.0,49.380765058900494,49.37740521545038,True,False,49.380765058900494,0.0,49.37779293376405,49.37437965555643,True,False,49.37779293376405,0.0,49.37462464745594,49.371147453568405,True,False,49.37462464745594,0.0,49.37095024952186,49.367361231708934,True,False,49.37095024952186,0.0,49.361544097600344,49.35757891905903,True,False,49.361544097600344,0.0,0.026970588235300852,0.0,M5,VALID_SIGNAL_AND_ENTRY,49.42,49.69,0.269999999999996,26.999999999999602,0.12857142857142737,2.0999999999999885,0.5799999999999983,0.46551724137930484,0,2026-09-01T21:40:00.400304+00:00,1230330380,1230330380,LTCUSD-T
M1,2026-09-02T00:58:00+00:00,2026-09-02T00:59:00+00:00,0.81108,0.81109,0.81097,0.81099,BEARISH,0.8110569340236414,0.8111299248872584,True,7.208823529414321e-05,6.299999999992423e-05,GREEN,RED,False,True,SELL_CANDIDATE,BEARISH + touches_band + ao_turn_red,0.8110569340236414,0.8110630555372625,False,True,0.8110569340236414,0.0,0.8110649162452066,0.8110715594427124,False,True,0.8110649162452066,0.0,0.8110754107589593,0.8110828457141597,False,True,0.8110754107589593,0.0,0.8110876996322937,0.8110959965651876,False,True,0.8110876996322937,0.0,0.8111011732162815,0.8111103015606844,False,True,0.8111011732162815,0.0,0.8111299248872584,0.8111404711330509,False,True,0.8111299248872584,0.0,6.299999999992423e-05,0.0,M1,VALID_SIGNAL_AND_ENTRY,0.81099,0.81098,9.99999999995449e-06,0.9999999999954489,0.00014785714285714402,0.06763285024123757,0.0013699999999999823,0.007299270072959576,0,2026-09-01T21:59:01.862263+00:00,1230330425,1230330425,USDCHF-T
M1,2026-09-02T00:59:00+00:00,2026-09-02T01:00:00+00:00,216.407,216.408,216.406,216.408,BEARISH,216.40569084696688,216.41470368381275,True,-0.00447941176474842,-0.006802941176516697,GREEN,RED,False,True,SELL_CANDIDATE,BEARISH + touches_band + ao_turn_red,216.40569084696688,216.40732207232722,False,True,216.40569084696688,0.0,216.4068849024688,216.40850330779529,False,True,216.4068849024688,0.0,216.40825550183254,216.40988923349687,False,True,216.40825550183254,0.0,216.40976279519157,216.41142542534706,False,True,216.40976279519157,0.0,216.41136353276877,216.41305940539493,False,True,216.41136353276877,0.0,216.41470368381275,216.41646078155756,False,True,216.41470368381275,0.0,-0.006802941176516697,0.0,M1,VALID_SIGNAL_AND_ENTRY,216.408,216.369,0.03899999999998727,38.99999999998727,0.01735714285714453,2.2469135802459634,0.2580000000000098,0.15116279069761934,0,2026-09-01T22:00:01.750242+00:00,1230330435,1230330435,GBPJPY-T
M1,2026-09-02T01:00:00+00:00,2026-09-02T01:01:00+00:00,7638.79,7638.79,7636.79,7636.79,BULLISH,7635.709884065516,7636.997417116257,True,0.3917647058824514,0.3925588235297255,RED,GREEN,True,False,BUY_CANDIDATE,BULLISH + touches_band + ao_turn_green,7636.997417116257,7636.980695121176,True,False,7636.997417116257,0.0,7636.817274770855,7636.769262459522,True,False,7636.817274770855,0.0,7636.612858681037,7636.538096615853,True,False,7636.612858681037,0.0,7636.392912543088,7636.295563196069,True,False,7636.392912543088,0.0,7636.165110872604,7636.048985051822,True,False,7636.165110872604,0.0,7635.709884065516,7635.566141207597,True,False,7635.709884065516,0.0,0.3925588235297255,0.0,M1,VALID_SIGNAL_AND_ENTRY,7636.79,7637.87,1.0799999999999272,107.99999999999272,0.7314285714285559,1.4765624999999318,1.269999999999527,0.850393700787661,0,2026-09-02T00:23:00.045968+00:00,1230330515,1230330515,[USA500]-T
M15,2026-09-02T01:15:00+00:00,2026-09-02T01:30:00+00:00,1.38956,1.38957,1.38933,1.38948,BULLISH,1.388949225139469,1.3895201594803557,True,-0.00027205882352920874,-0.00013520588235294007,RED,GREEN,True,False,BUY_CANDIDATE,BULLISH + touches_band + ao_turn_green,1.3895201594803557,1.3894907430021433,True,False,1.3895201594803557,0.0,1.3894311278144458,1.3893893562820778,True,False,1.3894311278144458,0.0,1.3893335860828036,1.3892814704633072,True,False,1.3893335860828036,0.0,1.3892333210129233,1.3891729655112919,True,False,1.3892333210129233,0.0,1.389134313224142,1.3890676507534758,True,False,1.389134313224142,0.0,1.388949225139469,1.3888746616323084,True,False,1.388949225139469,0.0,-0.00013520588235294007,0.0,M15,VALID_SIGNAL_AND_ENTRY,1.38948,1.38967,0.00018999999999991246,18.999999999991246,0.0003914285714285664,0.4854014598537972,0.0006099999999999994,0.31147540983592237,0,2026-09-02T00:15:00.613999+00:00,1230331301,1230331301,USDCAD-T
M1,2026-09-02T02:19:00+00:00,2026-09-02T02:20:00+00:00,0.194,0.1943,0.194,0.1943,BULLISH,0.19399590948990397,0.19403618232991376,True,3.2058823529412805e-05,4.999999999999449e-05,RED,GREEN,True,False,BUY_CANDIDATE,BULLISH + touches_band + ao_turn_green,0.19403618232991376,0.19400628593999178,True,False,0.19403618232991376,0.0,0.1940213124178019,0.19399340403432133,True,False,0.1940213124178019,0.0,0.19401045057598404,0.19398461983761356,True,False,0.19401045057598404,0.0,0.19400303281871997,0.1939792637401733,True,False,0.19400303281871997,0.0,0.1939984665898708,0.19397667631355092,True,False,0.1939984665898708,0.0,0.19399590948990397,0.19397771404051972,True,False,0.19399590948990397,0.0,4.999999999999449e-05,0.0,M1,VALID_SIGNAL_AND_ENTRY,0.1943,0.1971,0.002799999999999997,27.999999999999968,0.00018571428571429103,15.076923076922629,0.008000000000000007,0.3499999999999993,0,2026-09-01T23:24:01.020681+00:00,1230331811,1230331811,ADAUSD-T
M1,2026-09-02T02:23:00+00:00,2026-09-02T02:24:00+00:00,77135.84,77139.84,77107.84,77118.84,BULLISH,77095.99162368433,77118.82275481557,True,7.338235294111655,7.620588235309697,RED,GREEN,True,False,BUY_CANDIDATE,BULLISH + touches_band + ao_turn_green,77118.82275481557,77118.5811229944,True,False,77118.82275481557,0.0,77114.1871506121,77113.12650160184,True,False,77114.1871506121,0.0,77109.78587180293,77108.16248403599,True,False,77109.78587180293,0.0,77105.73446596325,77103.73058671816,True,False,77105.73446596325,0.0,77102.08215558187,77099.82866271782,True,False,77102.08215558187,0.0,77095.99162368433,77093.4964775147,True,False,77095.99162368433,0.0,7.620588235309697,0.0,M1,VALID_SIGNAL_AND_ENTRY,77118.84,77351.16,232.32000000000698,23232.0000000007,44.857142857142854,5.179108280254933,281.8500000000058,0.8242682277807422,0,2026-09-01T23:24:00.902376+00:00,1230331869,1230331869,BTCUSD-T
M1,2026-09-02T02:23:00+00:00,2026-09-02T02:24:00+00:00,99.01,99.01,98.97,98.99,BULLISH,98.92469379071478,98.97411393136301,True,0.031823529411767026,0.03570588235294281,RED,GREEN,True,False,BUY_CANDIDATE,BULLISH + touches_band + ao_turn_green,98.97411393136301,98.97050014880621,True,False,98.97411393136301,0.0,98.96420765274272,98.95931386745278,True,False,98.96420765274272,0.0,98.95480911650077,98.94906015135709,True,False,98.95480911650077,0.0,98.94609066848223,98.93978542105778,True,False,98.94609066848223,0.0,98.93814312728698,98.93149728410566,True,False,98.93814312728698,0.0,98.92469379071478,98.91780182642937,True,False,98.92469379071478,0.0,0.03570588235294281,0.0,M1,VALID_SIGNAL_AND_ENTRY,98.99,100.48,1.490000000000009,149.0000000000009,0.07642857142856892,19.4953271028045,1.730000000000004,0.8612716763005813,0,2026-09-01T23:24:02.369905+00:00,1230331870,1230331870,SOLUSD-T
M1,2026-09-02T02:45:00+00:00,2026-09-02T02:46:00+00:00,0.81165,0.81168,0.81163,0.81167,BULLISH,0.811600861789841,0.8116474008246618,True,-3.705882352988965e-06,-3.205882352919076e-06,RED,GREEN,True,False,BUY_CANDIDATE,BULLISH + touches_band + ao_turn_green,0.8116474008246618,0.811645938659539,True,False,0.8116474008246618,0.0,0.8116408616811731,0.8116384216007739,True,False,0.8116408616811731,0.0,0.8116335368945767,0.8116302512906679,True,False,0.8116335368945767,0.0,0.8116256756318596,0.8116216665489138,True,False,0.8116256756318596,0.0,0.8116174893395051,0.8116128675838696,True,False,0.8116174893395051,0.0,0.811600861789841,0.8115953076503435,True,False,0.811600861789841,0.0,-3.205882352919076e-06,0.0,M1,VALID_SIGNAL_AND_ENTRY,0.81167,0.81182,0.00014999999999998348,14.999999999998346,2.2857142857149855e-05,6.562499999997268,0.00041000000000002146,0.3658536585365259,0,2026-09-02T01:31:02.884584+00:00,1230332090,1230332090,USDCHF-T
M1,2026-09-02T00:10:00+00:00,2026-09-02T00:15:00+00:00,0.71424,0.71448,0.71424,0.71448,BEARISH,0.7144587652869571,0.7146127809824869,True,-1.1294117647109303e-05,-2.326470588231988e-05,GREEN,RED,False,True,SELL_CANDIDATE,BEARISH + touches_band + ao_turn_red,0.7144587652869571,0.7144631701448905,False,True,0.7144587652869571,0.0,0.7144864787579446,0.7144954415054616,False,True,0.7144864787579446,0.0,0.7145140968583223,0.714526361698148,False,True,0.7145140968583223,0.0,0.7145406914650214,0.7145553205348343,False,True,0.7145406914650214,0.0,0.7145659518392358,0.7145822680807017,False,True,0.7145659518392358,0.0,0.7146127809824869,0.7146311882918209,False,True,0.7146127809824869,0.0,-2.326470588231988e-05,0.0,M5,VALID_SIGNAL_BUT_LATE_ENTRY,0.71448,0.71452,4.0000000000040004e-05,4.000000000004,0.00011071428571425766,0.36129032258109806,0.00031999999999998696,0.12500000000013012,9661.0,2026-09-01T23:56:01.372508+00:00,1230332222,1230332222,AUDUSD-T
M1,2026-09-02T03:01:00+00:00,2026-09-02T03:02:00+00:00,64845.09,64907.56,64802.6,64865.08,BULLISH,64809.82213071868,64813.762553499786,True,16.67611764704634,24.993235294117767,RED,GREEN,True,False,BUY_CANDIDATE,BULLISH + touches_band + ao_turn_green,64813.762553499786,64808.89218300512,True,False,64813.762553499786,0.0,64812.283695404934,64807.93377805854,True,False,64812.283695404934,0.0,64811.30996577763,64807.41395120216,True,False,64811.30996577763,0.0,64810.657953177266,64807.14914127608,True,False,64810.657953177266,0.0,64810.22260815807,64807.04339190962,True,False,64810.22260815807,0.0,64809.82213071868,64807.1733364787,True,False,64809.82213071868,0.0,24.993235294117767,0.0,M1,VALID_SIGNAL_AND_ENTRY,64865.08,64888.47,23.389999999999418,2338.999999999942,63.55071428571474,0.368052511492497,148.34999999999854,0.15766767778901009,0,2026-09-02T00:02:00.338825+00:00,1230332566,1230332566,[JP225]-T
M1,2026-09-01T17:00:00+00:00,2026-09-01T17:15:00+00:00,0.85656,0.85659,0.8563,0.85652,BEARISH,0.8565329590821374,0.8566456642267899,True,0.00010382352941185058,7.358823529413083e-05,GREEN,RED,False,True,SELL_CANDIDATE,BEARISH + touches_band + ao_turn_red,0.8565329590821374,0.8565437485758314,False,True,0.8565329590821374,0.0,0.8565560388778536,0.8565694929240063,False,True,0.8565560388778536,0.0,0.8565787456671243,0.8565940799764641,False,True,0.8565787456671243,0.0,0.8565995436331884,0.8566160356296959,False,True,0.8565995436331884,0.0,0.8566177153619893,0.8566347819402055,False,True,0.8566177153619893,0.0,0.8566456642267899,0.8566626909852565,False,True,0.8566456642267899,0.0,7.358823529413083e-05,0.0,M15,VALID_SIGNAL_BUT_LATE_ENTRY,0.85652,0.85767,0.0011500000000000954,115.00000000000954,0.00022857142857140339,5.031250000000972,0.00029999999999996696,3.8333333333340733,35582.0,2026-09-02T01:58:02.572871+00:00,1230333015,1230333015,EURGBP-T
M1,2026-09-02T03:14:00+00:00,2026-09-02T03:15:00+00:00,7636.98,7637.17,7635.17,7635.79,BEARISH,7636.404268892947,7636.571278835786,True,-0.9430588235290998,-0.9673235294112601,GREEN,RED,False,True,SELL_CANDIDATE,BEARISH + touches_band + ao_turn_red,7636.404268892947,7636.473690376389,False,True,7636.404268892947,0.0,7636.472738611276,7636.5443581479685,False,True,7636.472738611276,0.0,7636.520024929571,7636.589778960721,False,True,7636.520024929571,0.0,7636.550504761922,7636.616412606902,False,True,7636.550504761922,0.0,7636.567604702174,7636.628760051918,False,True,7636.567604702174,0.0,7636.571278835786,7636.622187767131,False,True,7636.571278835786,0.0,-0.9673235294112601,0.0,M1,VALID_SIGNAL_AND_ENTRY,7635.79,7635.67,0.11999999999989086,11.999999999989086,1.722857142857135,0.06965174129346931,2.199999999999818,0.05454545454540945,0,2026-09-02T01:31:00.470623+00:00,1230333261,1230333261,[USA500]-T
M15,2026-09-02T03:00:00+00:00,2026-09-02T03:15:00+00:00,49.41,49.69,49.41,49.6,BULLISH,49.27024907657433,49.413582333913276,True,-0.04064705882353081,-0.01732352941176174,RED,GREEN,True,False,BUY_CANDIDATE,BULLISH + touches_band + ao_turn_green,49.413582333913276,49.39595437736726,True,False,49.413582333913276,0.0,49.39123204670371,49.37225021298109,True,False,49.39123204670371,0.0,49.3673680715881,49.34713455826841,True,False,49.3673680715881,0.0,49.342813549221376,49.32151694716158,True,False,49.342813549221376,0.0,49.318175286873206,49.2960243604197,True,False,49.318175286873206,0.0,49.27024907657433,49.24697026302553,True,False,49.27024907657433,0.0,-0.01732352941176174,0.0,M15,VALID_SIGNAL_AND_ENTRY,49.6,49.87,0.269999999999996,26.999999999999602,0.23214285714285715,1.1630769230769058,0.6400000000000006,0.4218749999999934,0,2026-09-02T00:15:02.971762+00:00,1230333267,1230333267,LTCUSD-T
M1,2026-09-02T03:22:00+00:00,2026-09-02T03:23:00+00:00,7637.54,7642.67,7636.92,7640.79,BULLISH,7636.876716828032,7637.032234277116,True,0.5342941176477325,0.838470588236305,RED,GREEN,True,False,BUY_CANDIDATE,BULLISH + touches_band + ao_turn_green,7637.032234277116,7636.701246108883,True,False,7637.032234277116,0.0,7636.99993173644,7636.716690797257,True,False,7636.99993173644,0.0,7636.97476581587,7636.727093086459,True,False,7636.97476581587,0.0,7636.951761640358,7636.731239094499,True,False,7636.951761640358,0.0,7636.928467399895,7636.729117366603,True,False,7636.928467399895,0.0,7636.876716828032,7636.707750365634,True,False,7636.876716828032,0.0,0.838470588236305,0.0,M1,VALID_SIGNAL_AND_ENTRY,7640.79,7641.37,0.5799999999999272,57.999999999992724,1.8935714285714442,0.30629950961897073,5.449999999999818,0.10642201834861406,0,2026-09-02T03:11:00.832638+00:00,1230333650,1230333650,[USA500]-T
M1,2026-09-02T03:27:00+00:00,2026-09-02T03:28:00+00:00,25832.32,25833.82,25830.82,25833.32,BEARISH,25833.459654770115,25835.465207263846,True,7.559411764701508,5.163529411765921,GREEN,RED,False,True,SELL_CANDIDATE,BEARISH + touches_band + ao_turn_red,25833.459654770115,25833.492965486752,False,True,25833.459654770115,0.0,25833.699130505967,25833.771778772814,False,True,25833.699130505967,0.0,25833.974690140134,25834.08198012691,False,True,25833.974690140134,0.0,25834.28379930073,25834.422324013147,False,True,25834.28379930073,0.0,25834.631293009446,25834.799335387434,False,True,25834.631293009446,0.0,25835.465207263846,25835.691417184597,False,True,25835.465207263846,0.0,5.163529411765921,0.0,M1,VALID_SIGNAL_AND_ENTRY,25833.32,25832.82,0.5,50.0,8.552857142857258,0.05845999665942798,24.0,0.020833333333333332,0,2026-09-02T02:01:00.423930+00:00,1230333858,1230333858,[GER40]-T
M1,2026-09-02T03:14:00+00:00,2026-09-02T03:15:00+00:00,7636.98,7637.17,7635.17,7635.79,BEARISH,7636.404268892947,7636.571278835786,True,-0.9430588235290998,-0.9673235294112601,GREEN,RED,False,True,SELL_CANDIDATE,BEARISH + touches_band + ao_turn_red,7636.404268892947,7636.473690376389,False,True,7636.404268892947,0.0,7636.472738611276,7636.5443581479685,False,True,7636.472738611276,0.0,7636.520024929571,7636.589778960721,False,True,7636.520024929571,0.0,7636.550504761922,7636.616412606902,False,True,7636.550504761922,0.0,7636.567604702174,7636.628760051918,False,True,7636.567604702174,0.0,7636.571278835786,7636.622187767131,False,True,7636.571278835786,0.0,-0.9673235294112601,0.0,M1,VALID_SIGNAL_BUT_LATE_ENTRY,7635.79,7636.67,0.8800000000001091,88.00000000001091,1.722857142857135,0.5107794361526361,1.949999999999818,0.4512820512821493,1381.0,2026-09-02T01:31:00.470623+00:00,1230334104,1230334104,[USA500]-T
M5,2026-09-02T03:40:00+00:00,2026-09-02T03:45:00+00:00,216.467,216.473,216.412,216.429,BEARISH,216.45668985987086,216.46694404940467,True,-0.039017647058841476,-0.04025588235293753,GREEN,RED,False,True,SELL_CANDIDATE,BEARISH + touches_band + ao_turn_red,216.45668985987086,216.4576172707127,False,True,216.45668985987086,0.0,216.4582825147908,216.45934126323223,False,True,216.4582825147908,0.0,216.4597945156106,216.46094097692819,False,True,216.4597945156106,0.0,216.46137507045805,216.46260100321774,False,True,216.46137507045805,0.0,216.4630888197516,216.46439608520996,False,True,216.4630888197516,0.0,216.46694404940467,216.46841910457215,False,True,216.46694404940467,0.0,-0.04025588235293753,0.0,M5,VALID_SIGNAL_AND_ENTRY,216.429,216.43,0.0010000000000047748,1.0000000000047748,0.04050000000000255,0.0246913580248077,0.09199999999998454,0.010869565217445032,0,2026-09-02T00:45:00.604581+00:00,1230334372,1230334372,GBPJPY-T
M15,2026-09-02T03:45:00+00:00,2026-09-02T04:00:00+00:00,7636.42,7637.67,7631.42,7631.42,BEARISH,7637.107211565098,7644.365776301277,True,0.13641176470628125,0.058382352940498095,GREEN,RED,False,True,SELL_CANDIDATE,BEARISH + touches_band + ao_turn_red,7637.107211565098,7637.686748113322,False,True,7637.107211565098,0.0,7638.117407529819,7638.793199819642,False,True,7638.117407529819,0.0,7639.2617767822485,7640.030143421322,False,True,7639.2617767822485,0.0,7640.491382721966,7641.342803679391,False,True,7640.491382721966,0.0,7641.768637445985,7642.691741415969,False,True,7641.768637445985,0.0,7644.365776301277,7645.399361330226,False,True,7644.365776301277,0.0,0.058382352940498095,0.0,M15,VALID_SIGNAL_AND_ENTRY,7631.42,7630.67,0.75,75.0,3.40214285714293,0.22044929666176308,12.699999999999818,0.059055118110237066,0,2026-09-02T01:00:01.927976+00:00,1230334719,1230334719,[USA500]-T
M1,2026-09-02T04:16:00+00:00,2026-09-02T04:17:00+00:00,49.12,49.12,49.07,49.07,BEARISH,49.113454340838175,49.19389437364046,True,0.047294117647062706,0.04550000000000409,GREEN,RED,False,True,SELL_CANDIDATE,BEARISH + touches_band + ao_turn_red,49.113454340838175,49.1145655118254,False,True,49.113454340838175,0.0,49.126872234795016,49.13027862269989,False,True,49.126872234795016,0.0,49.14096934396712,49.146171853125615,False,True,49.14096934396712,0.0,49.15502568572652,49.16159725002202,False,True,49.15502568572652,0.0,49.1686440049487,49.17624132717192,False,True,49.1686440049487,0.0,49.19389437364046,49.20280047533236,False,True,49.19389437364046,0.0,0.04550000000000409,0.0,M1,VALID_SIGNAL_AND_ENTRY,49.07,49.08,0.00999999999999801,0.999999999999801,0.04857142857142703,0.20588235294114204,0.5500000000000043,0.018181818181814424,0,2026-09-02T02:02:00.841891+00:00,1230335344,1230335344,LTCUSD-T
M5,2026-09-02T04:25:00+00:00,2026-09-02T04:30:00+00:00,77180.71,77183.71,76964.71,76982.71,BEARISH,77137.87897195993,77156.74616363757,True,-65.23999999999069,-65.41147058822389,GREEN,RED,False,True,SELL_CANDIDATE,BEARISH + touches_band + ao_turn_red,77137.87897195993,77145.99102192208,False,True,77137.87897195993,0.0,77139.71473229269,77146.80639705494,False,True,77139.71473229269,0.0,77141.53890798267,77147.90478020656,False,True,77141.53890798267,0.0,77143.92562890403,77149.83101398153,False,True,77143.92562890403,0.0,77147.18311395003,77152.84476560433,False,True,77147.18311395003,0.0,77156.74616363757,77162.38214008548,False,True,77156.74616363757,0.0,-65.41147058822389,0.0,M5,VALID_SIGNAL_AND_ENTRY,76982.71,76982.71,0.0,0.0,129.21428571428572,0.0,479.5799999999872,0.0,0,2026-09-02T01:30:00.651151+00:00,1230335484,1230335484,BTCUSD-T
M30,2026-09-02T04:00:00+00:00,2026-09-02T04:30:00+00:00,216.488,216.512,216.442,216.486,BEARISH,216.49836119209158,216.50415965007497,True,-0.07438529411763284,-0.07508235294116616,GREEN,RED,False,True,SELL_CANDIDATE,BEARISH + touches_band + ao_turn_red,216.49836119209158,216.50680898247566,False,True,216.49836119209158,0.0,216.50072106641127,216.50834668416667,False,True,216.50072106641127,0.0,216.50201626345006,216.50885734576178,False,True,216.50201626345006,0.0,216.50273463560075,216.50888845899271,False,True,216.50273463560075,0.0,216.50320600435097,216.50878278339096,False,True,216.50320600435097,0.0,216.50415965007497,216.5088798150428,False,True,216.50415965007497,0.0,-0.07508235294116616,0.0,M30,VALID_SIGNAL_AND_ENTRY,216.486,216.489,0.0030000000000143245,3.0000000000143245,0.08399999999999912,0.03571428571445662,0.09399999999999409,0.03191489361717567,0,2026-09-02T01:30:01.527065+00:00,1230335485,1230335485,GBPJPY-T
M1,2026-09-02T04:30:00+00:00,2026-09-02T04:31:00+00:00,7632.42,7632.42,7630.42,7631.42,BEARISH,7632.250194152007,7633.227292036757,True,0.7872058823531916,0.5901470588232769,GREEN,RED,False,True,SELL_CANDIDATE,BEARISH + touches_band + ao_turn_red,7632.250194152007,7632.327061133396,False,True,7632.250194152007,0.0,7632.41105877555,7632.505610579893,False,True,7632.41105877555,0.0,7632.581403878674,7632.690505516313,False,True,7632.581403878674,0.0,7632.752361150754,7632.872698921977,False,True,7632.752361150754,0.0,7632.918725022832,7633.047360819078,False,True,7632.918725022832,0.0,7633.227292036757,7633.365675817856,False,True,7633.227292036757,0.0,0.5901470588232769,0.0,M1,VALID_SIGNAL_AND_ENTRY,7631.42,7631.42,0.0,0.0,1.2592857142857221,0.0,3.449999999999818,0.0,0,2026-09-02T01:31:00.470623+00:00,1230335501,1230335501,[USA500]-T
M1,2026-09-02T05:00:00+00:00,2026-09-02T05:01:00+00:00,0.58948,0.58962,0.58674,0.587,BEARISH,0.5889796953671074,0.5890395070899472,True,4.2411764705874155e-05,-0.00010447058823515043,GREEN,RED,False,True,SELL_CANDIDATE,BEARISH + touches_band + ao_turn_red,0.5889796953671074,0.5890795401484888,False,True,0.5889796953671074,0.0,0.5889975642998809,0.5890838479537768,False,True,0.5889975642998809,0.0,0.5890106571617194,0.5890865507214025,False,True,0.5890106571617194,0.0,0.5890205272106627,0.5890882094827321,False,True,0.5890205272106627,0.0,0.589028204239473,0.5890892461522862,False,True,0.589028204239473,0.0,0.5890395070899472,0.5890905085660332,False,True,0.5890395070899472,0.0,-0.00010447058823515043,0.0,M1,VALID_SIGNAL_AND_ENTRY,0.587,0.58701,1.0000000000065512e-05,1.0000000000065512,0.00032999999999999696,0.030303030303229103,0.0028199999999999337,0.0035460992908034564,0,2026-09-02T02:01:00.217637+00:00,1230336415,1230336415,NZDUSD-T
M5,2026-09-02T05:00:00+00:00,2026-09-02T05:05:00+00:00,0.58948,0.58962,0.58532,0.58535,BEARISH,0.5888957872521039,0.5890183943219072,True,-2.5588235293971806e-06,-0.0002980000000001315,GREEN,RED,False,True,SELL_CANDIDATE,BEARISH + touches_band + ao_turn_red,0.5888957872521039,0.5891250079145279,False,True,0.5888957872521039,0.0,0.588927485260323,0.5891247677667828,False,True,0.588927485260323,0.0,0.5889517564855322,0.589124965504128,False,True,0.5889517564855322,0.0,0.5889714960019107,0.5891259750051885,False,True,0.5889714960019107,0.0,0.5889885006982827,0.58912804890928,False,True,0.5889885006982827,0.0,0.5890183943219072,0.589135777180631,False,True,0.5890183943219072,0.0,-0.0002980000000001315,0.0,M5,VALID_SIGNAL_AND_ENTRY,0.58535,0.5854,4.999999999999449e-05,4.999999999999449,0.0006264285714285754,0.0798175598631606,0.0044199999999999795,0.011312217194568942,0,2026-09-02T02:05:02.259000+00:00,1230336564,1230336564,NZDUSD-T
M15,2026-09-02T05:00:00+00:00,2026-09-02T05:15:00+00:00,0.58948,0.58962,0.58512,0.58598,BEARISH,0.5889971143331412,0.5893290825026433,True,3.8558823529544206e-05,-0.0002389705882351878,GREEN,RED,False,True,SELL_CANDIDATE,BEARISH + touches_band + ao_turn_red,0.5889971143331412,0.5891922339209726,False,True,0.5889971143331412,0.0,0.5890543631433517,0.5892279494915584,False,True,0.5890543631433517,0.0,0.5891103262802534,0.5892683686097431,False,True,0.5891103262802534,0.0,0.5891657013127918,0.5893120405590474,False,True,0.5891657013127918,0.0,0.5892206538039686,0.5893578671110696,False,True,0.5892206538039686,0.0,0.5893290825026433,0.5894529257398881,False,True,0.5893290825026433,0.0,-0.0002389705882351878,0.0,M15,VALID_SIGNAL_AND_ENTRY,0.58598,0.586,2.0000000000020002e-05,2.000000000002,0.0007057142857142777,0.028340080971688584,0.00380999999999998,0.005249343832026274,0,2026-09-02T02:15:01.772843+00:00,1230336807,1230336807,NZDUSD-T
M30,2026-09-02T05:00:00+00:00,2026-09-02T05:30:00+00:00,0.71478,0.71484,0.71396,0.71405,BEARISH,0.7147321316735538,0.7152210231685903,True,-0.00023326470588236337,-0.0002750294117646046,GREEN,RED,False,True,SELL_CANDIDATE,BEARISH + touches_band + ao_turn_red,0.7147321316735538,0.7147977258061763,False,True,0.7147321316735538,0.0,0.7148203958078904,0.714892010655733,False,True,0.7148203958078904,0.0,0.7149062611258212,0.7149819454652427,False,True,0.7149062611258212,0.0,0.7149892354900746,0.7150676444597801,False,True,0.7149892354900746,0.0,0.7150692860101513,0.7151494892309546,False,True,0.7150692860101513,0.0,0.7152210231685903,0.715303026404013,False,True,0.7152210231685903,0.0,-0.0002750294117646046,0.0,M30,VALID_SIGNAL_AND_ENTRY,0.71405,0.71404,9.99999999995449e-06,0.9999999999954489,0.00041285714285714336,0.02422145328708697,0.0013100000000000334,0.007633587786224607,0,2026-09-02T02:30:01.149364+00:00,1230337106,1230337106,AUDUSD-T
M1,2026-09-02T05:45:00+00:00,2026-09-02T05:46:00+00:00,1.3907,1.39079,1.3907,1.39079,BULLISH,1.3905628423068073,1.3907194000680931,True,-8.799999999986596e-05,-8.323529411802255e-05,RED,GREEN,True,False,BUY_CANDIDATE,BULLISH + touches_band + ao_turn_green,1.3907194000680931,1.3907179838217458,True,False,1.3907194000680931,0.0,1.3906963215399333,1.39069087466332,True,False,1.3906963215399333,0.0,1.3906707109848817,1.3906618947013447,True,False,1.3906707109848817,0.0,1.3906438668077707,1.3906322969055358,True,False,1.3906438668077707,0.0,1.3906166225804435,1.3906028275796511,True,False,1.3906166225804435,0.0,1.3905628423068073,1.3905458326783238,True,False,1.3905628423068073,0.0,-8.323529411802255e-05,0.0,M1,VALID_SIGNAL_AND_ENTRY,1.39079,1.39097,0.000180000000000069,18.0000000000069,9.499999999998796e-05,1.8947368421062296,0.000520000000000076,0.34615384615392825,0,2026-09-02T02:46:02.041145+00:00,1230337448,1230337448,USDCAD-T
M1,2026-09-02T05:46:00+00:00,2026-09-02T05:47:00+00:00,77043.3,77057.3,76991.3,77013.3,BULLISH,77000.61761172421,77030.57500320415,True,-27.390529411743046,-24.26635294118023,RED,GREEN,True,False,BUY_CANDIDATE,BULLISH + touches_band + ao_turn_green,77030.57500320415,77029.85433270961,True,False,77030.57500320415,0.0,77023.63992175683,77021.71246156846,True,False,77023.63992175683,0.0,77017.15058589273,77014.41819535586,True,False,77017.15058589273,0.0,77011.51977121682,77008.29886893263,True,False,77011.51977121682,0.0,77006.89690282263,77003.42152042365,True,False,77006.89690282263,0.0,77000.61761172421,76997.08199731607,True,False,77000.61761172421,0.0,-24.26635294118023,0.0,M1,VALID_SIGNAL_AND_ENTRY,77013.3,77255.7,242.39999999999418,24239.999999999418,63.57142857142857,3.813033707865077,292.9899999999907,0.8273319908529365,0,2026-09-02T03:40:00.467602+00:00,1230337454,1230337454,BTCUSD-T
M5,2026-09-02T05:50:00+00:00,2026-09-02T05:55:00+00:00,25826.32,25829.32,25816.82,25820.32,BEARISH,25826.524815050045,25845.831370814652,True,-2.8902941176493187,-3.5420588235319883,GREEN,RED,False,True,SELL_CANDIDATE,BEARISH + touches_band + ao_turn_red,25826.524815050045,25827.28439563556,False,True,25826.524815050045,0.0,25828.924622454815,25830.013396734477,False,True,25828.924622454815,0.0,25831.7425936882,25833.139898844966,False,True,25831.7425936882,0.0,25834.90497571166,25836.586848185925,False,True,25834.90497571166,0.0,25838.34361902692,25840.284964322178,False,True,25838.34361902692,0.0,25845.831370814652,25848.219656045072,False,True,25845.831370814652,0.0,-3.5420588235319883,0.0,M5,VALID_SIGNAL_AND_ENTRY,25820.32,25819.82,0.5,50.0,10.928571428571429,0.0457516339869281,13.5,0.037037037037037035,0,2026-09-02T03:30:01.869504+00:00,1230337629,1230337629,[GER40]-T
M5,2026-09-02T05:50:00+00:00,2026-09-02T05:55:00+00:00,64459.4,64489.4,64406.91,64429.41,BEARISH,64480.58996886205,64603.56693655005,True,-64.02320588235307,-65.93738235295314,GREEN,RED,False,True,SELL_CANDIDATE,BEARISH + touches_band + ao_turn_red,64480.58996886205,64489.40660717409,False,True,64480.58996886205,0.0,64501.60564238126,64512.97471328466,False,True,64501.60564238126,0.0,64522.757304804276,64536.01449425,False,True,64522.757304804276,0.0,64543.67296481798,64558.33678370964,False,True,64543.67296481798,0.0,64564.15881922408,64579.8760780703,False,True,64564.15881922408,0.0,64603.56693655005,64620.67335806031,False,True,64603.56693655005,0.0,-65.93738235295314,0.0,M5,VALID_SIGNAL_AND_ENTRY,64429.41,64421.91,7.5,750.0,85.88714285714221,0.08732389680810432,75.88999999999942,0.09882724996705834,0,2026-09-02T02:55:01.203477+00:00,1230337630,1230337630,[JP225]-T
M15,2026-09-02T05:45:00+00:00,2026-09-02T06:00:00+00:00,216.462,216.488,216.439,216.452,BEARISH,216.48532468781298,216.499539666157,True,0.04833235294120186,0.0423705882353147,GREEN,RED,False,True,SELL_CANDIDATE,BEARISH + touches_band + ao_turn_red,216.48532468781298,216.4885203892999,False,True,216.48532468781298,0.0,216.4881052519239,216.4912948970528,False,True,216.4881052519239,0.0,216.49098190622462,216.49418870781554,False,True,216.49098190622462,0.0,216.49366251783286,216.4968579878355,False,True,216.49366251783286,0.0,216.4960039545039,216.49914947486926,False,True,216.4960039545039,0.0,216.499539666157,216.50249455379563,False,True,216.499539666157,0.0,0.0423705882353147,0.0,M15,VALID_SIGNAL_AND_ENTRY,216.452,216.453,0.0010000000000047748,1.0000000000047748,0.06657142857142974,0.015021459227539273,0.15000000000000568,0.006666666666698246,0,2026-09-02T03:00:01.624702+00:00,1230337747,1230337747,GBPJPY-T
M5,2026-09-02T06:20:00+00:00,2026-09-02T06:25:00+00:00,7631.17,7631.42,7629.92,7630.42,BEARISH,7631.401227399468,7632.549606081003,True,0.3442647058827788,0.30970588235231844,GREEN,RED,False,True,SELL_CANDIDATE,BEARISH + touches_band + ao_turn_red,7631.401227399468,7631.442581715424,False,True,7631.401227399468,0.0,7631.588701138134,7631.657658261265,False,True,7631.588701138134,0.0,7631.77860506805,7631.868345722199,False,True,7631.77860506805,0.0,7631.967715095293,7632.073319831369,False,True,7631.967715095293,0.0,7632.157274999494,7632.275513144674,False,True,7632.157274999494,0.0,7632.549606081003,7632.687992919784,False,True,7632.549606081003,0.0,0.30970588235231844,0.0,M5,VALID_SIGNAL_AND_ENTRY,7630.42,7630.67,0.25,25.0,1.888571428571465,0.13237518910741045,3.199999999999818,0.07812500000000444,0,2026-09-02T03:25:01.359984+00:00,1230338366,1230338366,[USA500]-T
M1,2026-09-02T06:47:00+00:00,2026-09-02T06:48:00+00:00,99.57,99.59,99.48,99.5,BULLISH,99.3914060246644,99.51919332290223,True,-0.11732352941176316,-0.09802941176468494,RED,GREEN,True,False,BUY_CANDIDATE,BULLISH + touches_band + ao_turn_green,99.51919332290223,99.51281431311574,True,False,99.51919332290223,0.0,99.50355263150512,99.49518602624423,True,False,99.50355263150512,0.0,99.4840475313364,99.47361519761351,True,False,99.4840475313364,0.0,99.4620944491576,99.44974485000944,True,False,99.4620944491576,0.0,99.43881188206717,99.42478707824198,True,False,99.43881188206717,0.0,99.3914060246644,99.37483029367341,True,False,99.3914060246644,0.0,-0.09802941176468494,0.0,M1,VALID_SIGNAL_AND_ENTRY,99.5,101.02,1.519999999999996,151.9999999999996,0.1164285714285711,13.055214723926383,1.759999999999991,0.8636363636363659,0,2026-09-02T03:48:01.398685+00:00,1230338949,1230338949,SOLUSD-T
M1,2026-09-02T06:54:00+00:00,2026-09-02T06:55:00+00:00,0.81283,0.81287,0.8128,0.8128,BULLISH,0.8127720850046384,0.8128037740869379,True,2.235294117691744e-06,6.8529411765272386e-06,RED,GREEN,True,False,BUY_CANDIDATE,BULLISH + touches_band + ao_turn_green,0.8128037740869379,0.8128003294035822,True,False,0.8128037740869379,0.0,0.8127962083651611,0.8127918659038512,True,False,0.8127962083651611,0.0,0.8127895951322393,0.8127847550718837,True,False,0.8127895951322393,0.0,0.8127840424554655,0.8127789767614244,True,False,0.8127840424554655,0.0,0.8127794240061992,0.8127743013017223,True,False,0.8127794240061992,0.0,0.8127720850046384,0.8127670805020857,True,False,0.8127720850046384,0.0,6.8529411765272386e-06,0.0,M1,VALID_SIGNAL_AND_ENTRY,0.8128,0.81294,0.000140000000000029,14.000000000002897,5.714285714286671e-05,2.450000000000097,0.00041000000000002146,0.34146341463419916,0,2026-09-02T03:55:00.989518+00:00,1230339053,1230339053,USDCHF-T
M5,2026-09-02T07:35:00+00:00,2026-09-02T07:40:00+00:00,99.31,99.31,99.15,99.29,BULLISH,99.11985534892645,99.19930887452391,True,0.1166764705882315,0.12197058823529972,RED,GREEN,True,False,BUY_CANDIDATE,BULLISH + touches_band + ao_turn_green,99.19930887452391,99.1881393530256,True,False,99.19930887452391,0.0,99.17549507724318,99.16168884398174,True,False,99.17549507724318,0.0,99.15583483080214,99.1407578073419,True,False,99.15583483080214,0.0,99.14054838911231,99.12511666513238,True,False,99.14054838911231,0.0,99.12958149609491,99.11441520997617,True,False,99.12958149609491,0.0,99.11985534892645,99.1063546270781,True,False,99.11985534892645,0.0,0.12197058823529972,0.0,M5,VALID_SIGNAL_AND_ENTRY,99.29,100.8,1.509999999999991,150.9999999999991,0.22571428571428953,6.6898734177213655,1.8799999999999955,0.8031914893616993,0,2026-09-02T04:40:01.535325+00:00,1230339529,1230339529,SOLUSD-T
M5,2026-09-02T07:35:00+00:00,2026-09-02T07:40:00+00:00,0.1959,0.196,0.1954,0.196,BULLISH,0.19532890221939722,0.19561277584805994,True,-0.00020294117647060017,-0.00011823529411766898,RED,GREEN,True,False,BUY_CANDIDATE,BULLISH + touches_band + ao_turn_green,0.19561277584805994,0.1955895528840687,True,False,0.19561277584805994,0.0,0.19555353704485753,0.19552331122442687,True,False,0.19555353704485753,0.0,0.19549699838775575,0.1954619940640017,True,False,0.19549699838775575,0.0,0.19544551491058387,0.19540753004480407,True,False,0.19544551491058387,0.0,0.19540015986469952,0.1953605726033562,True,False,0.19540015986469952,0.0,0.19532890221939722,0.1952889387652146,True,False,0.19532890221939722,0.0,-0.00011823529411766898,0.0,M5,VALID_SIGNAL_AND_ENTRY,0.196,0.1989,0.002899999999999986,28.999999999999858,0.0006071428571428597,4.7764705882352505,0.008099999999999996,0.3580246913580231,0,2026-09-02T04:40:01.861686+00:00,1230339530,1230339530,ADAUSD-T
M1,2026-09-02T07:51:00+00:00,2026-09-02T07:52:00+00:00,0.71331,0.7134,0.71331,0.7134,BEARISH,0.71338404329481,0.7135186190624871,True,-1.9676470588314565e-05,-2.3735294117588346e-05,GREEN,RED,False,True,SELL_CANDIDATE,BEARISH + touches_band + ao_turn_red,0.71338404329481,0.7133920190985968,False,True,0.71338404329481,0.0,0.7134048141145334,0.713415472403004,False,True,0.7134048141145334,0.0,0.7134270374605276,0.7134398821426023,False,True,0.7134270374605276,0.0,0.7134499671407939,0.7134645745869684,False,True,0.7134499671407939,0.0,0.7134730873915093,0.7134891043321328,False,True,0.7134730873915093,0.0,0.7135186190624871,0.7135366341905571,False,True,0.7135186190624871,0.0,-2.3735294117588346e-05,0.0,M1,VALID_SIGNAL_AND_ENTRY,0.7134,0.71339,1.0000000000065512e-05,1.0000000000065512,7.714285714286293e-05,0.12962962963046915,0.0003300000000000525,0.030303030303224007,0,2026-09-02T04:52:03.697208+00:00,1230339706,1230339706,AUDUSD-T
M1,2026-09-02T08:04:00+00:00,2026-09-02T08:05:00+00:00,64247.82,64260.34,64237.93,64237.97,BEARISH,64258.096935645015,64275.239658920895,True,18.75452941175172,16.187529411778087,GREEN,RED,False,True,SELL_CANDIDATE,BEARISH + touches_band + ao_turn_red,64258.096935645015,64259.5642154168,False,True,64258.096935645015,0.0,64260.14137609971,64261.74808373978,False,True,64260.14137609971,0.0,64262.649363395176,64264.436086491005,False,True,64262.649363395176,0.0,64265.505858770164,64267.481387458356,False,True,64265.505858770164,0.0,64268.608987933476,64270.76581950007,False,True,64268.608987933476,0.0,64275.239658920895,64277.71031927084,False,True,64275.239658920895,0.0,16.187529411778087,0.0,M1,VALID_SIGNAL_AND_ENTRY,64237.97,64237.98,0.010000000002037268,1.0000000002037268,30.997857142857224,0.00032260294496974765,87.84999999999854,0.00011383039273804705,0,2026-09-02T05:05:02.805535+00:00,1230339874,1230339874,[JP225]-T
M1,2026-09-02T08:25:00+00:00,2026-09-02T08:26:00+00:00,185.296,185.307,185.28,185.306,BEARISH,185.30473871367357,185.3389778909922,True,0.00258823529409824,0.0022647058823395128,GREEN,RED,False,True,SELL_CANDIDATE,BEARISH + touches_band + ao_turn_red,185.30473871367357,185.30589573246337,False,True,185.30473871367357,0.0,185.30995273357723,185.31191010425863,False,True,185.30995273357723,0.0,185.31553453322883,185.31813509271336,False,True,185.31553453322883,0.0,185.32131873762626,185.32443793019334,False,True,185.32131873762626,0.0,185.32719795655225,185.33073732997826,False,True,185.32719795655225,0.0,185.3389778909922,185.3431382988295,False,True,185.3389778909922,0.0,0.0022647058823395128,0.0,M1,VALID_SIGNAL_AND_ENTRY,185.306,185.305,0.0010000000000047748,1.0000000000047748,0.026285714285711897,0.038043478261054677,0.0519999999999925,0.01923076923086383,0,2026-09-02T05:26:00.793909+00:00,1230340181,1230340181,EURJPY-T
M1,2026-09-02T08:55:00+00:00,2026-09-02T08:56:00+00:00,0.8126,0.81266,0.81256,0.81265,BEARISH,0.8126543132955272,0.8127564538788213,True,-3.100000000011427e-05,-3.138235294120051e-05,GREEN,RED,False,True,SELL_CANDIDATE,BEARISH + touches_band + ao_turn_red,0.8126543132955272,0.8126652092085386,False,True,0.8126543132955272,0.0,0.8126740241533895,0.8126869608920351,False,True,0.8126740241533895,0.0,0.8126933008886015,0.8127076473059779,False,True,0.8126933008886015,0.0,0.8127114263332745,0.8127266767653034,False,True,0.8127114263332745,0.0,0.8127280534290886,0.8127438206480465,False,True,0.8127280534290886,0.0,0.8127564538788213,0.8127724655289428,False,True,0.8127564538788213,0.0,-3.138235294120051e-05,0.0,M1,VALID_SIGNAL_AND_ENTRY,0.81265,0.81267,2.0000000000020002e-05,2.000000000002,8.214285714287981e-05,0.24347826086974153,0.00041000000000002146,0.04878048780492428,0,2026-09-02T05:56:00.553483+00:00,1230340803,1230340803,USDCHF-T
M1,2026-09-02T09:22:00+00:00,2026-09-02T09:23:00+00:00,1.39136,1.39138,1.3912499999999999,1.3912499999999999,BEARISH,1.3913403193224438,1.3914240016306565,True,0.00016376470588230774,0.00015558823529415733,GREEN,RED,False,True,SELL_CANDIDATE,BEARISH + touches_band + ao_turn_red,1.3913403193224438,1.391342607443311,False,True,1.3913403193224438,0.0,1.3913518351753948,1.3913558320258304,False,True,1.3913518351753948,0.0,1.391365541253296,1.391371160483461,False,True,1.391365541253296,0.0,1.3913803331917434,1.3913873557422938,False,True,1.3913803331917434,0.0,1.3913953812275444,1.391403548820772,False,True,1.3913953812275444,0.0,1.3914240016306565,1.3914337138369945,False,True,1.3914240016306565,0.0,0.00015558823529415733,0.0,M1,VALID_SIGNAL_AND_ENTRY,1.3912499999999999,1.39126,1.0000000000065512e-05,1.0000000000065512,0.00016071428571430766,0.06222222222262135,0.0005999999999999339,0.01666666666677769,0,2026-09-02T06:23:01.167975+00:00,1230341621,1230341621,USDCAD-T
M30,2026-09-02T09:00:00+00:00,2026-09-02T09:30:00+00:00,49.29,49.36,49.14,49.18,BULLISH,49.09817308882096,49.206184336964476,True,-0.15808823529411598,-0.13191176470588317,RED,GREEN,True,False,BUY_CANDIDATE,BULLISH + touches_band + ao_turn_green,49.206184336964476,49.191508367809604,True,False,49.206184336964476,0.0,49.19072757771007,49.17532937781501,True,False,49.19072757771007,0.0,49.17254514199281,49.15620364017072,True,False,49.17254514199281,0.0,49.15329606157265,49.13609815750886,True,False,49.15329606157265,0.0,49.13407707679148,49.11621788806931,True,False,49.13407707679148,0.0,49.09817308882096,49.07962102198214,True,False,49.09817308882096,0.0,-0.13191176470588317,0.0,M30,VALID_SIGNAL_AND_ENTRY,49.18,49.43,0.25,25.0,0.2821428571428553,0.8860759493670943,0.5899999999999963,0.4237288135593247,0,2026-09-02T06:30:01.859313+00:00,1230342315,1230342315,LTCUSD-T
M1,2026-09-02T09:41:00+00:00,2026-09-02T09:42:00+00:00,0.71441,0.71454,0.71437,0.71454,BULLISH,0.7142961796612641,0.7143803003938297,True,-0.00013405882352934828,-0.00012691176470591703,RED,GREEN,True,False,BUY_CANDIDATE,BULLISH + touches_band + ao_turn_green,0.7143803003938297,0.7143697318066579,True,False,0.7143803003938297,0.0,0.7143714753103374,0.7143610246305492,True,False,0.7143714753103374,0.0,0.7143595659363055,0.714348675869386,True,False,0.7143595659363055,0.0,0.7143453967186131,0.7143338337598953,True,False,0.7143453967186131,0.0,0.7143297098060973,0.7143174136243285,True,False,0.7143297098060973,0.0,0.7142961796612641,0.7142825596370291,True,False,0.7142961796612641,0.0,-0.00012691176470591703,0.0,M1,VALID_SIGNAL_AND_ENTRY,0.71454,0.71463,9.00000000000345e-05,9.00000000000345,0.00012785714285713987,0.7039106145254259,0.00044999999999995044,0.20000000000009868,0,2026-09-02T06:42:00.568719+00:00,1230343008,1230343008,AUDUSD-T
M5,2026-09-02T09:55:00+00:00,2026-09-02T10:00:00+00:00,77357.63,77461.63,77304.63,77456.63,BULLISH,77354.21174996681,77418.68546562042,True,-11.906235294110957,-4.050529411746538,RED,GREEN,True,False,BUY_CANDIDATE,BULLISH + touches_band + ao_turn_green,77418.68546562042,77418.3095430849,True,False,77418.68546562042,0.0,77407.84235435215,77405.5087809041,True,False,77407.84235435215,0.0,77396.3543549878,77392.48310389783,True,False,77396.3543549878,0.0,77384.89212841958,77379.8504467018,True,False,77384.89212841958,0.0,77373.88484041563,77367.9783313583,True,False,77373.88484041563,0.0,77354.21174996681,77347.27495975351,True,False,77354.21174996681,0.0,-4.050529411746538,0.0,M5,VALID_SIGNAL_AND_ENTRY,77456.63,77707.37,250.7399999999907,25073.99999999907,116.35714285714286,2.154917127071743,402.7399999999907,0.6225852907582968,0,2026-09-02T07:00:00.712507+00:00,1230343646,1230343646,BTCUSD-T
M15,2026-09-02T09:45:00+00:00,2026-09-02T10:00:00+00:00,0.81234,0.81335,0.81233,0.81333,BULLISH,0.8120799238933838,0.8125660813331638,True,0.00012055882352934866,0.00012861764705873746,RED,GREEN,True,False,BUY_CANDIDATE,BULLISH + touches_band + ao_turn_green,0.8125660813331638,0.8125036085528836,True,False,0.8125660813331638,0.0,0.8124876592122504,0.812420545191501,True,False,0.8124876592122504,0.0,0.8124071509754225,0.8123362435708138,True,False,0.8124071509754225,0.0,0.812325501858404,0.8122515017948159,True,False,0.812325501858404,0.0,0.8122434036116468,0.812166887202514,True,False,0.8122434036116468,0.0,0.8120799238933838,0.8119997350519974,True,False,0.8120799238933838,0.0,0.00012861764705873746,0.0,M15,VALID_SIGNAL_AND_ENTRY,0.81333,0.81344,0.0001100000000000545,11.000000000005448,0.000390714285714276,0.28153564899466205,0.0013400000000000079,0.08208955223884616,0,2026-09-02T07:00:01.334454+00:00,1230343651,1230343651,USDCHF-T
M1,2026-09-02T10:30:00+00:00,2026-09-02T10:31:00+00:00,64491.02,64496.02,64476.02,64481.02,BULLISH,64456.34378892491,64480.77681935278,True,-9.130323529418092,-6.092500000006112,RED,GREEN,True,False,BUY_CANDIDATE,BULLISH + touches_band + ao_turn_green,64480.77681935278,64479.99762947798,True,False,64480.77681935278,0.0,64476.367471566016,64474.88300715917,True,False,64476.367471566016,0.0,64472.02692995728,64470.03867225655,True,False,64472.02692995728,0.0,64467.84465264382,64465.49507031529,True,False,64467.84465264382,0.0,64463.8394975438,64461.228069500656,True,False,64463.8394975438,0.0,64456.34378892491,64453.40071533101,True,False,64456.34378892491,0.0,-6.092500000006112,0.0,M1,VALID_SIGNAL_AND_ENTRY,64481.02,64509.42,28.400000000001455,2840.0000000001455,31.427142857143085,0.9036774398836708,75.90000000000146,0.37417654808960354,0,2026-09-02T07:31:01.344207+00:00,1230344773,1230344773,[JP225]-T
M1,2026-09-02T10:54:00+00:00,2026-09-02T10:55:00+00:00,19847.68,19863.02,19847.68,19862.02,BULLISH,19839.18524270926,19851.73248386766,True,-6.519235294115788,-6.373294117649493,RED,GREEN,True,False,BUY_CANDIDATE,BULLISH + touches_band + ao_turn_green,19851.73248386766,19851.701073717715,True,False,19851.73248386766,0.0,19849.98476978043,19849.64200027671,True,False,19849.98476978043,0.0,19847.95329182418,19847.334754224015,True,False,19847.95329182418,0.0,19845.76883536514,19844.91683319756,True,False,19845.76883536514,0.0,19843.534111739544,19842.490963088185,True,False,19843.534111739544,0.0,19839.18524270926,19837.871563477234,True,False,19839.18524270926,0.0,-6.373294117649493,0.0,M1,VALID_SIGNAL_AND_ENTRY,19862.02,19865.02,3.0,300.0,8.72357142857202,0.34389584868580325,28.68000000000029,0.10460251046024999,0,2026-09-02T08:13:00.446438+00:00,1230345407,1230345407,[SPA35]-T
M1,2026-09-02T11:16:00+00:00,2026-09-02T11:17:00+00:00,64383.62,64418.62,64381.12,64408.62,BEARISH,64401.36319700169,64410.7470311895,True,9.55367647059029,8.258029411765165,GREEN,RED,False,True,SELL_CANDIDATE,BEARISH + touches_band + ao_turn_red,64401.36319700169,64404.0225225256,False,True,64401.36319700169,0.0,64403.16014081474,64405.76165097326,False,True,64403.16014081474,0.0,64405.0183177797,64407.58301690343,False,True,64405.0183177797,0.0,64406.77311877074,64409.292377543534,False,True,64406.77311877074,0.0,64408.33521323268,64410.79246802376,False,True,64408.33521323268,0.0,64410.7470311895,64413.035236253105,False,True,64410.7470311895,0.0,8.258029411765165,0.0,M1,VALID_SIGNAL_AND_ENTRY,64408.62,64413.62,5.0,500.0,53.030000000001436,0.09428625306430068,38.39999999999418,0.13020833333335308,0,2026-09-02T08:35:59.913400+00:00,1230347096,1230347096,[JP225]-T
M30,2026-09-02T11:00:00+00:00,2026-09-02T11:30:00+00:00,77312.63,77393.63,77063.63,77084.63,BEARISH,77358.73773667635,77558.46803676942,True,209.68788235292595,180.0677058823494,GREEN,RED,False,True,SELL_CANDIDATE,BEARISH + touches_band + ao_turn_red,77358.73773667635,77377.46503150293,False,True,77358.73773667635,0.0,77391.13063266512,77412.78829222533,False,True,77391.13063266512,0.0,77425.88282720704,77450.10912311294,False,True,77425.88282720704,0.0,77460.9449759959,77487.20084080973,False,True,77460.9449759959,0.0,77495.10545519351,77522.86160083702,False,True,77495.10545519351,0.0,77558.46803676942,77587.94203007105,False,True,77558.46803676942,0.0,180.0677058823494,0.0,M30,VALID_SIGNAL_AND_ENTRY,77084.63,77089.63,5.0,500.0,297.42785714285645,0.01681079925744302,767.7399999999907,0.006512621460390315,0,2026-09-02T08:30:01.124068+00:00,1230347463,1230347463,BTCUSD-T
M5,2026-09-02T11:35:00+00:00,2026-09-02T11:40:00+00:00,25868.72,25878.72,25863.22,25867.72,BULLISH,25854.5696714494,25864.524664566005,True,-2.2477941176439344,-0.8316176470616483,RED,GREEN,True,False,BUY_CANDIDATE,BULLISH + touches_band + ao_turn_green,25864.524664566005,25863.95247210159,True,False,25864.524664566005,0.0,25862.33670537655,25861.44565148709,True,False,25862.33670537655,0.0,25860.245978904542,25859.137404070876,True,False,25860.245978904542,0.0,25858.375723595327,25857.132583488383,True,False,25858.375723595327,0.0,25856.79013875288,25855.47721829942,True,False,25856.79013875288,0.0,25854.5696714494,25853.25372679415,True,False,25854.5696714494,0.0,-0.8316176470616483,0.0,M5,VALID_SIGNAL_AND_ENTRY,25867.72,25868.92,1.1999999999970896,119.99999999970896,22.5,0.05333333333320398,27.69999999999709,0.04332129963888865,0,2026-09-02T08:40:01.058193+00:00,1230347833,1230347833,[GER40]-T
M1,2026-09-02T11:41:00+00:00,2026-09-02T11:42:00+00:00,25870.72,25871.22,25854.72,25855.22,BEARISH,25866.423578230973,25868.787809840305,True,6.673529411764321,5.9191176470594655,GREEN,RED,False,True,SELL_CANDIDATE,BEARISH + touches_band + ao_turn_red,25866.423578230973,25866.937200339453,False,True,25866.423578230973,0.0,25866.71898525594,25867.200374926244,False,True,25866.71898525594,0.0,25867.133875286032,25867.61267685883,False,True,25867.133875286032,0.0,25867.594102775758,25868.078349781423,False,True,25867.594102775758,0.0,25868.044812775624,25868.532728875718,False,True,25868.044812775624,0.0,25868.787809840305,25869.265447905396,False,True,25868.787809840305,0.0,5.9191176470594655,0.0,M1,VALID_SIGNAL_AND_ENTRY,25855.22,25853.72,1.5,150.0,9.178571428571429,0.16342412451361868,26.19999999999709,0.057251908396952926,0,2026-09-02T08:42:00.992823+00:00,1230347862,1230347862,[GER40]-T
M1,2026-09-02T12:16:00+00:00,2026-09-02T12:17:00+00:00,1.39343,1.39349,1.39336,1.3934199999999999,BULLISH,1.3932621673615226,1.393391595628962,True,-7.705882352881943e-06,1.9411764706767087e-06,RED,GREEN,True,False,BUY_CANDIDATE,BULLISH + touches_band + ao_turn_green,1.393391595628962,1.3933845670335971,True,False,1.393391595628962,0.0,1.393375073073199,1.3933660464406468,True,False,1.393375073073199,0.0,1.3933557717196245,1.39334483593264,True,False,1.3933557717196245,0.0,1.39333435824114,1.393321665732527,True,False,1.39333435824114,0.0,1.3933113565645976,1.39329707808524,True,False,1.3933113565645976,0.0,1.3932621673615226,1.3932452158686417,True,False,1.3932621673615226,0.0,1.9411764706767087e-06,0.0,M1,VALID_SIGNAL_AND_ENTRY,1.3934199999999999,1.3936,0.000180000000000069,18.0000000000069,0.00011999999999999313,1.5000000000006608,0.0005299999999999194,0.3396226415096158,0,2026-09-02T10:01:00.173709+00:00,1230349534,1230349534,USDCAD-T
M1,2026-09-02T12:24:00+00:00,2026-09-02T12:25:00+00:00,19787.4,19787.4,19779.96,19779.98,BEARISH,19786.813880709848,19795.473184449213,True,11.092852941172168,9.83070588235205,GREEN,RED,False,True,SELL_CANDIDATE,BEARISH + touches_band + ao_turn_red,19786.813880709848,19786.998835549915,False,True,19786.813880709848,0.0,19787.983256552096,19788.351722412342,False,True,19787.983256552096,0.0,19789.387172778715,19789.92908874192,False,True,19789.387172778715,0.0,19790.9116805105,19791.60387648115,False,True,19790.9116805105,0.0,19792.470950836137,19793.286456998052,False,True,19792.470950836137,0.0,19795.473184449213,19796.459098347284,False,True,19795.473184449213,0.0,9.83070588235205,0.0,M1,VALID_SIGNAL_AND_ENTRY,19779.98,19779.99,0.010000000002037268,1.0000000002037268,7.24428571428507,0.0013803983438033347,21.62999999999738,0.0004623208507646084,0,2026-09-02T09:25:01.242364+00:00,1230349884,1230349884,[SPA35]-T
M1,2026-09-02T12:30:00+00:00,2026-09-02T12:31:00+00:00,48.72,48.72,48.6,48.62,BEARISH,48.68771910718853,48.7440324469467,True,-0.021147058823530074,-0.021470588235295907,GREEN,RED,False,True,SELL_CANDIDATE,BEARISH + touches_band + ao_turn_red,48.68771910718853,48.689781455666626,False,True,48.68771910718853,0.0,48.69549291112183,48.69864536081062,False,True,48.69549291112183,0.0,48.704096304884665,48.708188968609655,False,True,48.704096304884665,0.0,48.71339895842117,48.71831377978123,False,True,48.71339895842117,0.0,48.72325239795818,48.72888842099423,False,True,48.72325239795818,0.0,48.7440324469467,48.75085022733779,False,True,48.7440324469467,0.0,-0.021470588235295907,0.0,M1,VALID_SIGNAL_AND_ENTRY,48.62,48.64,0.020000000000003126,2.0000000000003126,0.057142857142857446,0.3500000000000529,0.5600000000000023,0.03571428571429115,0,2026-09-02T09:31:01.978274+00:00,1230350145,1230350145,LTCUSD-T
M1,2026-09-02T12:46:00+00:00,2026-09-02T12:47:00+00:00,0.81475,0.81488,0.81475,0.81488,BULLISH,0.8146582663129042,0.8147811088976068,True,-6.676470588384831e-06,9.411764707589754e-07,RED,GREEN,True,False,BUY_CANDIDATE,BULLISH + touches_band + ao_turn_green,0.8147811088976068,0.8147756379994506,True,False,0.8147811088976068,0.0,0.814766498034097,0.8147592115886125,True,False,0.814766498034097,0.0,0.8147490676094937,0.8147399839632146,True,False,0.8147490676094937,0.0,0.8147291491169576,0.8147183318281388,True,False,0.8147291491169576,0.0,0.8147071219266688,0.81469466506893,True,False,0.8147071219266688,0.0,0.8146582663129042,0.8146428786096405,True,False,0.8146582663129042,0.0,9.411764707589754e-07,0.0,M1,VALID_SIGNAL_AND_ENTRY,0.81488,0.815,0.00011999999999989797,11.999999999989795,8.571428571428421e-05,1.3999999999988342,0.00039000000000000146,0.3076923076920449,0,2026-09-02T09:47:00.208968+00:00,1230350674,1230350674,USDCHF-T
H1,2026-09-02T12:00:00+00:00,2026-09-02T13:00:00+00:00,0.85719,0.85799,0.85712,0.85798,BULLISH,0.8570230534442863,0.8572313249853041,True,0.00024920588235288754,0.0002540882352941587,RED,GREEN,True,False,BUY_CANDIDATE,BULLISH + touches_band + ao_turn_green,0.8572313249853041,0.8571982214374182,True,False,0.8572313249853041,0.0,0.857186654791635,0.8571509893638949,True,False,0.857186654791635,0.0,0.8571468732298628,0.857109989545936,True,False,0.8571468732298628,0.0,0.8571113629246199,0.8570740789541557,True,False,0.8571113629246199,0.0,0.8570793571029323,0.8570421543664719,True,False,0.8570793571029323,0.0,0.8570230534442863,0.8569866983179273,True,False,0.8570230534442863,0.0,0.0002540882352941587,0.0,H1,VALID_SIGNAL_AND_ENTRY,0.85798,0.85806,8.000000000008001e-05,8.000000000008,0.00048357142857142447,0.16543574593812846,0.0013100000000000334,0.061068702290135855,0,2026-09-02T10:00:01.580743+00:00,1230351220,1230351220,EURGBP-T
M1,2026-09-02T13:01:00+00:00,2026-09-02T13:02:00+00:00,76533.64,76549.64,76487.64,76491.64,BEARISH,76541.22947310393,76616.35959312135,True,45.74411764706019,44.29411764704855,GREEN,RED,False,True,SELL_CANDIDATE,BEARISH + touches_band + ao_turn_red,76541.22947310393,76541.36421965797,False,True,76541.22947310393,0.0,76550.77957812455,76552.61700379042,False,True,76550.77957812455,0.0,76562.0269241146,76565.39682659692,False,True,76562.0269241146,0.0,76574.50915157457,76579.23175124038,False,True,76574.50915157457,0.0,76587.88997558058,76593.79760024087,False,True,76587.88997558058,0.0,76616.35959312135,76624.20224816694,False,True,76616.35959312135,0.0,44.29411764704855,0.0,M1,VALID_SIGNAL_AND_ENTRY,76491.64,76494.64,3.0,300.0,63.142857142857146,0.04751131221719457,343.72000000000116,0.008728034446642587,0,2026-09-02T10:26:00.324303+00:00,1230351267,1230351267,BTCUSD-T
M1,2026-09-02T13:02:00+00:00,2026-09-02T13:03:00+00:00,7615.84,7615.91,7613.97,7614.22,BEARISH,7615.864778381743,7617.2124722534,True,1.2917647058820876,1.0112058823524421,GREEN,RED,False,True,SELL_CANDIDATE,BEARISH + touches_band + ao_turn_red,7615.864778381743,7615.944900273504,False,True,7615.864778381743,0.0,7616.008682837593,7616.101914982464,False,True,7616.008682837593,0.0,7616.197192477823,7616.3075112993165,False,True,7616.197192477823,0.0,7616.420185180901,7616.548620688957,False,True,7616.420185180901,0.0,7616.668629718164,7616.814685724011,False,True,7616.668629718164,0.0,7617.2124722534,7617.389619798272,False,True,7617.2124722534,0.0,1.0112058823524421,0.0,M1,VALID_SIGNAL_AND_ENTRY,7614.22,7614.22,0.0,0.0,1.1071428571428572,0.0,4.109999999999673,0.0,0,2026-09-02T10:03:02.588351+00:00,1230351295,1230351295,[USA500]-T
M1,2026-09-02T13:12:00+00:00,2026-09-02T13:13:00+00:00,0.71236,0.71236,0.71226,0.71227,BEARISH,0.7123487333597722,0.7124738679678178,True,-4.173529411766186e-05,-4.811764705880961e-05,GREEN,RED,False,True,SELL_CANDIDATE,BEARISH + touches_band + ao_turn_red,0.7123487333597722,0.7123582055648435,False,True,0.7123487333597722,0.0,0.7123637224381892,0.7123745062608426,False,True,0.7123637224381892,0.0,0.712381312151499,0.7123934788987252,False,True,0.712381312151499,0.0,0.7124014179847872,0.7124150002461405,False,True,0.7124014179847872,0.0,0.7124237819589415,0.712438768375724,False,True,0.7124237819589415,0.0,0.7124738679678178,0.7124914902945445,False,True,0.7124738679678178,0.0,-4.811764705880961e-05,0.0,M1,VALID_SIGNAL_AND_ENTRY,0.71227,0.71227,0.0,0.0,0.00010642857142856288,0.0,0.00031000000000003247,0.0,0,2026-09-02T10:13:01.386531+00:00,1230351869,1230351869,AUDUSD-T
M1,2026-09-02T08:25:00+00:00,2026-09-02T08:26:00+00:00,185.296,185.307,185.28,185.306,BEARISH,185.30473871367357,185.3389778909922,True,0.00258823529409824,0.0022647058823395128,GREEN,RED,False,True,SELL_CANDIDATE,BEARISH + touches_band + ao_turn_red,185.30473871367357,185.30589573246337,False,True,185.30473871367357,0.0,185.30995273357723,185.31191010425863,False,True,185.30995273357723,0.0,185.31553453322883,185.31813509271336,False,True,185.31553453322883,0.0,185.32131873762626,185.32443793019334,False,True,185.32131873762626,0.0,185.32719795655225,185.33073732997826,False,True,185.32719795655225,0.0,185.3389778909922,185.3431382988295,False,True,185.3389778909922,0.0,0.0022647058823395128,0.0,M1,VALID_SIGNAL_BUT_LATE_ENTRY,185.306,184.976,0.3300000000000125,330.0000000000125,0.026285714285711897,12.554347826088573,0.054000000000002046,6.111111111111111,18240.0,2026-09-02T10:48:00.557211+00:00,1230352527,1230352527,EURJPY-T
M1,2026-09-02T13:35:00+00:00,2026-09-02T13:36:00+00:00,215.557,215.557,215.537,215.54,BEARISH,215.55532656935463,215.59174419640303,True,0.011667647058828834,0.00816176470587493,GREEN,RED,False,True,SELL_CANDIDATE,BEARISH + touches_band + ao_turn_red,215.55532656935463,215.5567831328731,False,True,215.55532656935463,0.0,215.56088754407926,215.56315105985558,False,True,215.56088754407926,0.0,215.566986760019,215.56992842912513,False,True,215.566986760019,0.0,215.57331320916848,215.57680520435324,False,True,215.57331320916848,0.0,215.57964277949395,215.58356912802194,False,True,215.57964277949395,0.0,215.59174419640303,215.59625307087754,False,True,215.59174419640303,0.0,0.00816176470587493,0.0,M1,VALID_SIGNAL_AND_ENTRY,215.54,215.538,0.001999999999981128,1.999999999981128,0.023642857142856348,0.08459214501431037,0.08099999999998886,0.024691358024461766,0,2026-09-02T12:51:01.148338+00:00,1230352809,1230352809,GBPJPY-T
M1,2026-09-02T14:10:00+00:00,2026-09-02T14:11:00+00:00,0.85809,0.8582,0.85808,0.85818,BULLISH,0.8580836816751282,0.8581391626098065,True,-4.420588235287681e-05,-3.8794117646956394e-05,RED,GREEN,True,False,BUY_CANDIDATE,BULLISH + touches_band + ao_turn_green,0.8581391626098065,0.8581381316703736,True,False,0.8581391626098065,0.0,0.8581345455418536,0.8581328250763466,True,False,0.8581345455418536,0.0,0.8581277781292447,0.8581252026575917,True,False,0.8581277781292447,0.0,0.8581190535068688,0.8581155450805853,True,False,0.8581190535068688,0.0,0.8581086159554518,0.8581041531598793,True,False,0.8581086159554518,0.0,0.8580836816751282,0.8580773830347906,True,False,0.8580836816751282,0.0,-3.8794117646956394e-05,0.0,M1,VALID_SIGNAL_AND_ENTRY,0.85818,0.85826,7.999999999996898e-05,7.999999999996898,9.21428571428581e-05,0.8682170542632203,0.0003300000000000525,0.2424242424241099,0,2026-09-02T11:11:00.221765+00:00,1230353813,1230353813,EURGBP-T
M1,2026-09-02T14:31:00+00:00,2026-09-02T14:32:00+00:00,1.39297,1.39297,1.39284,1.39287,BEARISH,1.3929395632822288,1.3930753661070467,True,7.985294117673902e-05,7.594117647058418e-05,GREEN,RED,False,True,SELL_CANDIDATE,BEARISH + touches_band + ao_turn_red,1.3929395632822288,1.3929420816655407,False,True,1.3929395632822288,0.0,1.3929618384107811,1.3929680829659425,False,True,1.3929618384107811,0.0,1.3929856481610126,1.3929948744399796,False,True,1.3929856481610126,0.0,1.3930096200750723,1.393021149272483,False,True,1.3930096200750723,0.0,1.3930328822492857,1.3930461386263375,False,True,1.3930328822492857,0.0,1.3930753661070467,1.393090750146527,False,True,1.3930753661070467,0.0,7.594117647058418e-05,0.0,M1,VALID_SIGNAL_AND_ENTRY,1.39287,1.39289,1.999999999990898e-05,1.9999999999908977,9.499999999998796e-05,0.21052631578854225,0.0005100000000000104,0.03921568627433053,0,2026-09-02T11:32:00.967889+00:00,1230354984,1230354984,USDCAD-T
M1,2026-09-02T15:20:00+00:00,2026-09-02T15:21:00+00:00,0.71453,0.71515,0.71451,0.71513,BULLISH,0.714234908374398,0.7145383497402509,True,0.00017579411764701014,0.0001769705882351813,RED,GREEN,True,False,BUY_CANDIDATE,BULLISH + touches_band + ao_turn_green,0.7145383497402509,0.7144832128054373,True,False,0.7145383497402509,0.0,0.7144877057378325,0.7144319560071319,True,False,0.7144877057378325,0.0,0.7144363162615465,0.7143799398685421,True,False,0.7144363162615465,0.0,0.714384824972126,0.7143279221859369,True,False,0.714384824972126,0.0,0.7143337920192214,0.714276511871259,True,False,0.7143337920192214,0.0,0.714234908374398,0.7141773717747639,True,False,0.714234908374398,0.0,0.0001769705882351813,0.0,M1,VALID_SIGNAL_AND_ENTRY,0.71513,0.71511,2.0000000000020002e-05,2.000000000002,0.00016142857142855047,0.1238938053098745,0.0006000000000000449,0.033333333333364176,0,2026-09-02T12:21:00.918705+00:00,1230357645,1230357645,AUDUSD-T
M1,2026-09-02T15:20:00+00:00,2026-09-02T15:21:00+00:00,0.58257,0.58314,0.58252,0.58313,BULLISH,0.5823508454069578,0.5825815853190619,True,0.00014820588235298082,0.00015326470588217234,RED,GREEN,True,False,BUY_CANDIDATE,BULLISH + touches_band + ao_turn_green,0.5825815853190619,0.582531744156799,True,False,0.5825815853190619,0.0,0.5825431523751626,0.5824941409835027,True,False,0.5825431523751626,0.0,0.5825043969824921,0.5824558850356605,True,False,0.5825043969824921,0.0,0.5824655119821058,0.5824173304175696,True,False,0.5824655119821058,0.0,0.5824267541970687,0.5823788291527795,True,False,0.5824267541970687,0.0,0.5823508454069578,0.5823034348269136,True,False,0.5823508454069578,0.0,0.00015326470588217234,0.0,M1,VALID_SIGNAL_AND_ENTRY,0.58313,0.58319,5.999999999994898e-05,5.999999999994897,0.00015999999999999348,0.3749999999996964,0.0006699999999999484,0.0895522388059009,0,2026-09-02T12:21:01.165162+00:00,1230357648,1230357648,NZDUSD-T
M1,2026-09-02T15:20:00+00:00,2026-09-02T15:21:00+00:00,97.28,97.51,97.25,97.49,BULLISH,97.25529875540664,97.29274729292149,True,0.12338235294116373,0.1354705882352789,RED,GREEN,True,False,BUY_CANDIDATE,BULLISH + touches_band + ao_turn_green,97.29274729292149,97.26651255088046,True,False,97.29274729292149,0.0,97.28062885919725,97.25624007873772,True,False,97.28062885919725,0.0,97.27100805887315,97.2483670733761,True,False,97.27100805887315,0.0,97.26378941903334,97.24282079840143,True,False,97.26378941903334,0.0,97.25885785678324,97.23949624357327,True,False,97.25885785678324,0.0,97.25529875540664,97.2389665292019,True,False,97.25529875540664,0.0,0.1354705882352789,0.0,M1,VALID_SIGNAL_AND_ENTRY,97.49,99.0,1.5100000000000051,151.0000000000005,0.11214285714285868,13.464968152866103,1.75,0.8628571428571458,0,2026-09-02T12:21:01.469154+00:00,1230357649,1230357649,SOLUSD-T
M1,2026-09-02T15:27:00+00:00,2026-09-02T15:28:00+00:00,19855.19,19858.7,19853.2,19856.68,BULLISH,19843.945882256496,19853.641604362834,True,-6.349882352940767,-5.85776470588462,RED,GREEN,True,False,BUY_CANDIDATE,BULLISH + touches_band + ao_turn_green,19853.641604362834,19853.28467241679,True,False,19853.641604362834,0.0,19852.560160584013,19852.058210162013,True,False,19852.560160584013,0.0,19851.158231884667,19850.49808222868,True,False,19851.158231884667,0.0,19849.524248424626,19848.710153135085,True,False,19849.524248424626,0.0,19847.736572382415,19846.781491581736,True,False,19847.736572382415,0.0,19843.945882256496,19842.760069629618,True,False,19843.945882256496,0.0,-5.85776470588462,0.0,M1,VALID_SIGNAL_AND_ENTRY,19856.68,19860.68,4.0,400.0,8.682142857142805,0.46071575483340466,18.860000000000582,0.2120890774125067,0,2026-09-02T12:28:01.109989+00:00,1230358116,1230358116,[SPA35]-T
M1,2026-09-02T15:42:00+00:00,2026-09-02T15:43:00+00:00,25862.72,25874.22,25859.72,25874.22,BULLISH,25857.260741268874,25865.64891177631,True,-4.2735294117628655,-3.889705882353155,RED,GREEN,True,False,BUY_CANDIDATE,BULLISH + touches_band + ao_turn_green,25865.64891177631,25865.46272051859,True,False,25865.64891177631,0.0,25864.76567627138,25864.450487281643,True,False,25864.76567627138,0.0,25863.607750247767,25863.152266808716,True,False,25863.607750247767,0.0,25862.225427695903,25861.630033694215,True,False,25862.225427695903,0.0,25860.673164348915,25859.945324516557,True,False,25860.673164348915,0.0,25857.260741268874,25856.304295346414,True,False,25857.260741268874,0.0,-3.889705882353155,0.0,M1,VALID_SIGNAL_AND_ENTRY,25874.22,25877.42,3.1999999999970896,319.99999999970896,8.071428571428571,0.3964601769907899,19.19999999999709,0.16666666666654034,0,2026-09-02T12:43:01.317172+00:00,1230358905,1230358905,[GER40]-T
M1,2026-09-02T15:50:00+00:00,2026-09-02T15:51:00+00:00,215.197,215.229,215.188,215.212,BEARISH,215.21055781677035,215.23777501351364,True,0.027052941176492595,0.02486176470591772,GREEN,RED,False,True,SELL_CANDIDATE,BEARISH + touches_band + ao_turn_red,215.21055781677035,215.2110683471813,False,True,215.21055781677035,0.0,215.21283144880488,215.21368593719322,False,True,215.21283144880488,0.0,215.2162959280625,215.21759486265776,False,True,215.2162959280625,0.0,215.22072266514712,215.2224979965106,False,True,215.22072266514712,0.0,215.22589553960353,215.2281413970705,False,True,215.22589553960353,0.0,215.23777501351364,215.2408761769331,False,True,215.23777501351364,0.0,0.02486176470591772,0.0,M1,VALID_SIGNAL_AND_ENTRY,215.212,215.207,0.0049999999999954525,4.9999999999954525,0.030500000000005554,0.16393442622932924,0.0800000000000125,0.06249999999993339,0,2026-09-02T14:43:00.933409+00:00,1230359235,1230359235,GBPJPY-T
M1,2026-09-02T16:07:00+00:00,2026-09-02T16:08:00+00:00,0.5822,0.58225,0.58214,0.58216,BEARISH,0.5822196661620462,0.5822697256616538,True,5.085294117646022e-05,3.6000000000036e-05,GREEN,RED,False,True,SELL_CANDIDATE,BEARISH + touches_band + ao_turn_red,0.5822196661620462,0.5822272218882905,False,True,0.5822196661620462,0.0,0.582235212593945,0.5822444717785239,False,True,0.582235212593945,0.0,0.5822484582077726,0.5822585955282102,False,True,0.5822484582077726,0.0,0.5822586370799735,0.5822690098940679,False,True,0.5822586370799735,0.0,0.5822655019794364,0.5822756397680747,False,True,0.5822655019794364,0.0,0.5822697256616538,0.5822785203959892,False,True,0.5822697256616538,0.0,3.6000000000036e-05,0.0,M1,VALID_SIGNAL_AND_ENTRY,0.58216,0.58217,9.99999999995449e-06,0.9999999999954489,0.00013071428571429351,0.07650273224008443,0.0005700000000000705,0.017543859649040795,0,2026-09-02T13:08:01.159605+00:00,1230360979,1230360979,NZDUSD-T
M1,2026-09-02T17:02:00+00:00,2026-09-02T17:03:00+00:00,76927.88,77063.88,76884.88,77058.88,BULLISH,76808.34507672132,76898.0786706235,True,104.58823529411166,107.07352941177669,RED,GREEN,True,False,BUY_CANDIDATE,BULLISH + touches_band + ao_turn_green,76898.0786706235,76877.88912692378,True,False,76898.0786706235,0.0,76879.08577790612,76858.5374591387,True,False,76879.08577790612,0.0,76861.86415112004,76841.33008647052,True,False,76861.86415112004,0.0,76846.37022993484,76826.08751574164,True,False,76846.37022993484,0.0,76832.42443551055,76812.53340049562,True,False,76832.42443551055,0.0,76808.34507672132,76789.4264462252,True,False,76808.34507672132,0.0,107.07352941177669,0.0,M1,VALID_SIGNAL_AND_ENTRY,77058.88,77280.12,221.2399999999907,22123.99999999907,125.21428571428571,1.7668910439246261,430.2399999999907,0.5142246188173937,0,2026-09-02T14:03:00.836552+00:00,1230366755,1230366755,BTCUSD-T
M1,2026-09-02T17:08:00+00:00,2026-09-02T17:09:00+00:00,19822.55,19823.55,19817.55,19823.52,BEARISH,19822.120995452184,19826.913666232245,True,6.633029411768803,6.615588235294126,GREEN,RED,False,True,SELL_CANDIDATE,BEARISH + touches_band + ao_turn_red,19822.120995452184,19822.124704396072,False,True,19822.120995452184,0.0,19822.94163874511,19823.100339336757,False,True,19822.94163874511,0.0,19823.812682885495,19824.09235417238,False,True,19823.812682885495,0.0,19824.67353188296,19825.043730505255,False,True,19824.67353188296,0.0,19825.48953823778,19825.92515683754,False,True,19825.48953823778,0.0,19826.913666232245,19827.423594988104,False,True,19826.913666232245,0.0,6.615588235294126,0.0,M1,VALID_SIGNAL_AND_ENTRY,19823.52,19823.52,0.0,0.0,10.605000000000084,0.0,11.75,0.0,0,2026-09-02T14:09:00.765013+00:00,1230367048,1230367048,[SPA35]-T
