symbol,timeframe,closed_bar_time,candidate,order_sent,block_reason
BTCUSD-T,M1,2026-09-01T20:26:00+00:00,SELL_CANDIDATE,True,ORDER_MATCHED
BTCUSD-T,M1,2026-09-01T23:08:00+00:00,BUY_CANDIDATE,False,Riesgo total candidato 515.99 supera el 5% del equity (511.789)
BTCUSD-T,M1,2026-09-01T23:13:00+00:00,BUY_CANDIDATE,False,Riesgo total candidato 518.2 supera el 5% del equity (511.963)
BTCUSD-T,M1,2026-09-01T23:34:00+00:00,BUY_CANDIDATE,False,Riesgo total candidato 516.97 supera el 5% del equity (510.861)
BTCUSD-T,M1,2026-09-02T02:24:00+00:00,BUY_CANDIDATE,True,ORDER_MATCHED
BTCUSD-T,M1,2026-09-02T05:47:00+00:00,BUY_CANDIDATE,True,ORDER_MATCHED
BTCUSD-T,M1,2026-09-02T06:40:00+00:00,BUY_CANDIDATE,False,Misma combinación símbolo/timeframe abierta: BTCUSD-T M1
BTCUSD-T,M1,2026-09-02T09:12:00+00:00,BUY_CANDIDATE,False,Misma combinación símbolo/timeframe abierta: BTCUSD-T M1
BTCUSD-T,M1,2026-09-02T10:45:00+00:00,SELL_CANDIDATE,False,Misma combinación símbolo/timeframe abierta: BTCUSD-T M1
BTCUSD-T,M1,2026-09-02T10:53:00+00:00,SELL_CANDIDATE,False,Misma combinación símbolo/timeframe abierta: BTCUSD-T M1
BTCUSD-T,M1,2026-09-02T13:02:00+00:00,SELL_CANDIDATE,True,ORDER_MATCHED
BTCUSD-T,M1,2026-09-02T13:14:00+00:00,SELL_CANDIDATE,False,Misma combinación símbolo/timeframe abierta: BTCUSD-T M1
BTCUSD-T,M1,2026-09-02T13:26:00+00:00,SELL_CANDIDATE,False,Misma combinación símbolo/timeframe abierta: BTCUSD-T M1
BTCUSD-T,M1,2026-09-02T17:03:00+00:00,BUY_CANDIDATE,True,ORDER_MATCHED
BTCUSD-T,M5,2026-09-01T22:55:00+00:00,SELL_CANDIDATE,False,Riesgo total candidato 516.99 supera el 5% del equity (510.122)
BTCUSD-T,M5,2026-09-02T04:30:00+00:00,SELL_CANDIDATE,True,ORDER_MATCHED
BTCUSD-T,M5,2026-09-02T10:00:00+00:00,BUY_CANDIDATE,True,ORDER_MATCHED
BTCUSD-T,M5,2026-09-02T18:35:00+00:00,BUY_CANDIDATE,True,ORDER_MATCHED
BTCUSD-T,M30,2026-09-02T11:30:00+00:00,SELL_CANDIDATE,True,ORDER_MATCHED
AUDUSD-T,M1,2026-09-01T20:35:00+00:00,SELL_CANDIDATE,True,ORDER_MATCHED
AUDUSD-T,M1,2026-09-02T00:16:00+00:00,BUY_CANDIDATE,True,ORDER_MATCHED
AUDUSD-T,M1,2026-09-02T07:52:00+00:00,SELL_CANDIDATE,True,ORDER_MATCHED
AUDUSD-T,M1,2026-09-02T09:42:00+00:00,BUY_CANDIDATE,True,ORDER_MATCHED
AUDUSD-T,M1,2026-09-02T13:13:00+00:00,SELL_CANDIDATE,True,ORDER_MATCHED
AUDUSD-T,M1,2026-09-02T15:21:00+00:00,BUY_CANDIDATE,True,ORDER_MATCHED
AUDUSD-T,M5,2026-09-02T00:15:00+00:00,SELL_CANDIDATE,True,ORDER_MATCHED
AUDUSD-T,M5,2026-09-02T06:25:00+00:00,SELL_CANDIDATE,False,Misma combinación símbolo/timeframe abierta: AUDUSD-T M5
AUDUSD-T,M30,2026-09-02T05:30:00+00:00,SELL_CANDIDATE,True,ORDER_MATCHED
AUDUSD-T,M30,2026-09-02T11:30:00+00:00,SELL_CANDIDATE,False,Misma combinación símbolo/timeframe abierta: AUDUSD-T M30
USDCAD-T,M1,2026-09-01T20:43:00+00:00,BUY_CANDIDATE,True,ORDER_MATCHED
USDCAD-T,M1,2026-09-01T21:16:00+00:00,BUY_CANDIDATE,False,Ya existe una posición abierta en USDCAD-T
USDCAD-T,M1,2026-09-02T05:46:00+00:00,BUY_CANDIDATE,True,ORDER_MATCHED
USDCAD-T,M1,2026-09-02T09:23:00+00:00,SELL_CANDIDATE,True,ORDER_MATCHED
USDCAD-T,M1,2026-09-02T12:17:00+00:00,BUY_CANDIDATE,True,ORDER_MATCHED
USDCAD-T,M1,2026-09-02T12:35:00+00:00,BUY_CANDIDATE,False,Misma combinación símbolo/timeframe abierta: USDCAD-T M1
USDCAD-T,M1,2026-09-02T12:46:00+00:00,BUY_CANDIDATE,False,Misma combinación símbolo/timeframe abierta: USDCAD-T M1
USDCAD-T,M1,2026-09-02T13:01:00+00:00,BUY_CANDIDATE,False,Misma combinación símbolo/timeframe abierta: USDCAD-T M1
USDCAD-T,M1,2026-09-02T14:32:00+00:00,SELL_CANDIDATE,True,ORDER_MATCHED
USDCAD-T,M15,2026-09-02T01:30:00+00:00,BUY_CANDIDATE,True,ORDER_MATCHED
USDCAD-T,M15,2026-09-02T03:15:00+00:00,BUY_CANDIDATE,False,Misma combinación símbolo/timeframe abierta: USDCAD-T M15
NZDUSD-T,M1,2026-09-01T22:27:00+00:00,BUY_CANDIDATE,True,ORDER_MATCHED
NZDUSD-T,M1,2026-09-01T23:01:00+00:00,SELL_CANDIDATE,False,Ya existe una posición abierta en NZDUSD-T
NZDUSD-T,M1,2026-09-02T00:32:00+00:00,BUY_CANDIDATE,True,ORDER_MATCHED
NZDUSD-T,M1,2026-09-02T02:07:00+00:00,BUY_CANDIDATE,False,Misma combinación símbolo/timeframe abierta: NZDUSD-T M1
NZDUSD-T,M1,2026-09-02T04:36:00+00:00,BUY_CANDIDATE,False,Misma combinación símbolo/timeframe abierta: NZDUSD-T M1
NZDUSD-T,M1,2026-09-02T04:43:00+00:00,BUY_CANDIDATE,False,Misma combinación símbolo/timeframe abierta: NZDUSD-T M1
NZDUSD-T,M1,2026-09-02T05:01:00+00:00,SELL_CANDIDATE,True,ORDER_MATCHED
NZDUSD-T,M1,2026-09-02T15:21:00+00:00,BUY_CANDIDATE,True,ORDER_MATCHED
NZDUSD-T,M1,2026-09-02T16:08:00+00:00,SELL_CANDIDATE,True,ORDER_MATCHED
NZDUSD-T,M5,2026-09-02T00:15:00+00:00,SELL_CANDIDATE,True,ORDER_MATCHED
NZDUSD-T,M5,2026-09-02T00:45:00+00:00,SELL_CANDIDATE,False,Misma combinación símbolo/timeframe abierta: NZDUSD-T M5
NZDUSD-T,M5,2026-09-02T05:05:00+00:00,SELL_CANDIDATE,True,ORDER_MATCHED
NZDUSD-T,M15,2026-09-02T05:15:00+00:00,SELL_CANDIDATE,True,ORDER_MATCHED
NZDUSD-T,M30,2026-09-02T05:00:00+00:00,SELL_CANDIDATE,False,order_send retcode=10016 Invalid stops
USDCHF-T,M1,2026-09-02T00:59:00+00:00,SELL_CANDIDATE,True,ORDER_MATCHED
USDCHF-T,M1,2026-09-02T02:46:00+00:00,BUY_CANDIDATE,True,ORDER_MATCHED
USDCHF-T,M1,2026-09-02T04:31:00+00:00,BUY_CANDIDATE,False,Misma combinación símbolo/timeframe abierta: USDCHF-T M1
USDCHF-T,M1,2026-09-02T06:55:00+00:00,BUY_CANDIDATE,True,ORDER_MATCHED
USDCHF-T,M1,2026-09-02T08:56:00+00:00,SELL_CANDIDATE,True,ORDER_MATCHED
USDCHF-T,M1,2026-09-02T12:47:00+00:00,BUY_CANDIDATE,True,ORDER_MATCHED
USDCHF-T,M1,2026-09-02T18:16:00+00:00,SELL_CANDIDATE,True,ORDER_MATCHED
USDCHF-T,M5,2026-09-02T01:05:00+00:00,SELL_CANDIDATE,False,Sin señal base
USDCHF-T,M15,2026-09-02T10:00:00+00:00,BUY_CANDIDATE,True,ORDER_MATCHED
EURGBP-T,M1,2026-09-01T20:52:00+00:00,BUY_CANDIDATE,False,Riesgo total candidato 502.99 supera el 5% del equity (490.272)
EURGBP-T,M1,2026-09-01T21:04:00+00:00,BUY_CANDIDATE,False,Riesgo total candidato 503.48 supera el 5% del equity (491.884)
EURGBP-T,M1,2026-09-01T22:33:00+00:00,BUY_CANDIDATE,False,Riesgo total candidato 517.85 supera el 5% del equity (509.98)
EURGBP-T,M1,2026-09-01T23:42:00+00:00,BUY_CANDIDATE,False,Riesgo total candidato 517.85 supera el 5% del equity (510.785)
EURGBP-T,M1,2026-09-01T23:48:00+00:00,BUY_CANDIDATE,False,Sin señal base
EURGBP-T,M1,2026-09-02T04:09:00+00:00,SELL_CANDIDATE,False,Misma combinación símbolo/timeframe abierta: EURGBP-T M1
EURGBP-T,M1,2026-09-02T04:58:00+00:00,SELL_CANDIDATE,False,Misma combinación símbolo/timeframe abierta: EURGBP-T M1
EURGBP-T,M1,2026-09-02T06:10:00+00:00,BUY_CANDIDATE,False,Misma combinación símbolo/timeframe abierta: EURGBP-T M1
EURGBP-T,M1,2026-09-02T06:25:00+00:00,BUY_CANDIDATE,False,Misma combinación símbolo/timeframe abierta: EURGBP-T M1
EURGBP-T,M1,2026-09-02T06:35:00+00:00,BUY_CANDIDATE,False,Misma combinación símbolo/timeframe abierta: EURGBP-T M1
EURGBP-T,M1,2026-09-02T08:50:00+00:00,BUY_CANDIDATE,False,Misma combinación símbolo/timeframe abierta: EURGBP-T M1
EURGBP-T,M1,2026-09-02T09:01:00+00:00,BUY_CANDIDATE,False,Misma combinación símbolo/timeframe abierta: EURGBP-T M1
EURGBP-T,M1,2026-09-02T09:12:00+00:00,BUY_CANDIDATE,False,Misma combinación símbolo/timeframe abierta: EURGBP-T M1
EURGBP-T,M1,2026-09-02T09:57:00+00:00,SELL_CANDIDATE,False,Misma combinación símbolo/timeframe abierta: EURGBP-T M1
EURGBP-T,M1,2026-09-02T10:01:00+00:00,SELL_CANDIDATE,False,Misma combinación símbolo/timeframe abierta: EURGBP-T M1
EURGBP-T,M1,2026-09-02T14:11:00+00:00,BUY_CANDIDATE,True,ORDER_MATCHED
EURGBP-T,M1,2026-09-02T17:51:00+00:00,SELL_CANDIDATE,True,ORDER_MATCHED
EURGBP-T,M1,2026-09-02T17:59:00+00:00,SELL_CANDIDATE,True,ORDER_MATCHED
EURGBP-T,M5,2026-09-02T17:10:00+00:00,BUY_CANDIDATE,True,ORDER_MATCHED
EURGBP-T,H1,2026-09-02T13:00:00+00:00,BUY_CANDIDATE,True,ORDER_MATCHED
EURJPY-T,M1,2026-09-01T20:48:00+00:00,BUY_CANDIDATE,False,Ya existe una posición abierta en EURJPY-T
EURJPY-T,M1,2026-09-01T21:04:00+00:00,BUY_CANDIDATE,False,Ya existe una posición abierta en EURJPY-T
EURJPY-T,M1,2026-09-01T22:48:00+00:00,BUY_CANDIDATE,False,Ya existe una posición abierta en EURJPY-T
EURJPY-T,M1,2026-09-02T00:44:00+00:00,SELL_CANDIDATE,False,Posición antigua sin timeframe bloquea todo el símbolo EURJPY-T
EURJPY-T,M1,2026-09-02T00:46:00+00:00,SELL_CANDIDATE,False,Posición antigua sin timeframe bloquea todo el símbolo EURJPY-T
EURJPY-T,M1,2026-09-02T08:26:00+00:00,SELL_CANDIDATE,True,ORDER_MATCHED
EURJPY-T,M1,2026-09-02T13:48:00+00:00,SELL_CANDIDATE,False,Misma combinación símbolo/timeframe abierta: EURJPY-T M1
EURJPY-T,M1,2026-09-02T17:19:00+00:00,SELL_CANDIDATE,True,ORDER_MATCHED
EURJPY-T,M1,2026-09-02T18:06:00+00:00,SELL_CANDIDATE,False,Sin señal base
EURJPY-T,M5,2026-09-02T05:15:00+00:00,SELL_CANDIDATE,False,Posición antigua sin timeframe bloquea todo el símbolo EURJPY-T
EURJPY-T,M15,2026-09-01T20:15:00+00:00,BUY_CANDIDATE,False,Ya existe una posición abierta en EURJPY-T
EURJPY-T,M30,2026-09-01T20:30:00+00:00,BUY_CANDIDATE,True,ORDER_MATCHED
EURJPY-T,H1,2026-09-02T06:00:00+00:00,BUY_CANDIDATE,False,Posición antigua sin timeframe bloquea todo el símbolo EURJPY-T
GBPJPY-T,M1,2026-09-01T21:04:00+00:00,BUY_CANDIDATE,False,Riesgo total candidato 503.67 supera el 5% del equity (491.884)
GBPJPY-T,M1,2026-09-02T01:00:00+00:00,SELL_CANDIDATE,True,ORDER_MATCHED
GBPJPY-T,M1,2026-09-02T13:36:00+00:00,SELL_CANDIDATE,True,ORDER_MATCHED
GBPJPY-T,M1,2026-09-02T15:51:00+00:00,SELL_CANDIDATE,True,ORDER_MATCHED
GBPJPY-T,M1,2026-09-02T17:22:00+00:00,SELL_CANDIDATE,True,ORDER_MATCHED
GBPJPY-T,M1,2026-09-02T17:43:00+00:00,SELL_CANDIDATE,True,ORDER_MATCHED
GBPJPY-T,M5,2026-09-01T21:20:00+00:00,SELL_CANDIDATE,True,ORDER_MATCHED
GBPJPY-T,M5,2026-09-01T23:00:00+00:00,SELL_CANDIDATE,False,Ya existe una posición abierta en GBPJPY-T
GBPJPY-T,M5,2026-09-02T03:45:00+00:00,SELL_CANDIDATE,True,ORDER_MATCHED
GBPJPY-T,M15,2026-09-02T06:00:00+00:00,SELL_CANDIDATE,True,ORDER_MATCHED
GBPJPY-T,M30,2026-09-02T04:30:00+00:00,SELL_CANDIDATE,True,ORDER_MATCHED
SOLUSD-T,M1,2026-09-01T22:52:00+00:00,BUY_CANDIDATE,False,Riesgo total candidato 516.35 supera el 5% del equity (508.288)
SOLUSD-T,M1,2026-09-01T23:31:00+00:00,BUY_CANDIDATE,False,Riesgo total candidato 518.7 supera el 5% del equity (513.118)
SOLUSD-T,M1,2026-09-02T00:00:00+00:00,SELL_CANDIDATE,False,MISSING_BLOCK_REASON
SOLUSD-T,M1,2026-09-02T02:24:00+00:00,BUY_CANDIDATE,True,ORDER_MATCHED
SOLUSD-T,M1,2026-09-02T06:48:00+00:00,BUY_CANDIDATE,True,ORDER_MATCHED
SOLUSD-T,M1,2026-09-02T08:02:00+00:00,SELL_CANDIDATE,False,symbol=SOLUSD-T; timeframe=M1; bid=99.07; ask=100.62; point=0.01; tick_size=0.01; trade_stops_level=22; min_stop_distance=0.22; SL_técnico=100.9; SL_efectivo=100.9; TP=95.41; volumen=5.0; retcode=10042; comentario=Only long positions are allowed
SOLUSD-T,M1,2026-09-02T15:21:00+00:00,BUY_CANDIDATE,True,ORDER_MATCHED
SOLUSD-T,M5,2026-09-01T23:45:00+00:00,SELL_CANDIDATE,False,Riesgo total candidato 516.1 supera el 5% del equity (509.21)
SOLUSD-T,M5,2026-09-02T07:40:00+00:00,BUY_CANDIDATE,True,ORDER_MATCHED
SOLUSD-T,M5,2026-09-02T18:35:00+00:00,BUY_CANDIDATE,True,ORDER_MATCHED
SOLUSD-T,M15,2026-09-02T11:00:00+00:00,SELL_CANDIDATE,False,symbol=SOLUSD-T; timeframe=M15; bid=99.05; ask=100.59; point=0.01; tick_size=0.01; trade_stops_level=22; min_stop_distance=0.22; SL_técnico=101.15; SL_efectivo=101.15; TP=94.85; volumen=4.0; retcode=10042; comentario=Only long positions are allowed
SOLUSD-T,M30,2026-09-02T09:30:00+00:00,SELL_CANDIDATE,False,symbol=SOLUSD-T; timeframe=M30; bid=99.08; ask=100.57; point=0.01; tick_size=0.01; trade_stops_level=22; min_stop_distance=0.22; SL_técnico=101.08; SL_efectivo=101.08; TP=95.08; volumen=4.0; retcode=10042; comentario=Only long positions are allowed
LTCUSD-T,M1,2026-09-01T20:29:00+00:00,SELL_CANDIDATE,True,ORDER_MATCHED
LTCUSD-T,M1,2026-09-02T04:17:00+00:00,SELL_CANDIDATE,True,ORDER_MATCHED
LTCUSD-T,M1,2026-09-02T05:02:00+00:00,SELL_CANDIDATE,False,Misma combinación símbolo/timeframe abierta: LTCUSD-T M1
LTCUSD-T,M1,2026-09-02T12:31:00+00:00,SELL_CANDIDATE,True,ORDER_MATCHED
LTCUSD-T,M1,2026-09-02T14:56:00+00:00,BUY_CANDIDATE,False,Misma combinación símbolo/timeframe abierta: LTCUSD-T M1
LTCUSD-T,M1,2026-09-02T15:26:00+00:00,BUY_CANDIDATE,False,Misma combinación símbolo/timeframe abierta: LTCUSD-T M1
LTCUSD-T,M1,2026-09-02T16:36:00+00:00,BUY_CANDIDATE,False,Misma combinación símbolo/timeframe abierta: LTCUSD-T M1
LTCUSD-T,M1,2026-09-02T19:08:00+00:00,BUY_CANDIDATE,True,ORDER_MATCHED
LTCUSD-T,M5,2026-09-02T00:40:00+00:00,BUY_CANDIDATE,True,ORDER_MATCHED
LTCUSD-T,M5,2026-09-02T09:40:00+00:00,BUY_CANDIDATE,False,Sin señal base
LTCUSD-T,M5,2026-09-02T18:20:00+00:00,BUY_CANDIDATE,True,ORDER_MATCHED
LTCUSD-T,M15,2026-09-02T03:15:00+00:00,BUY_CANDIDATE,True,ORDER_MATCHED
LTCUSD-T,M30,2026-09-02T09:30:00+00:00,BUY_CANDIDATE,True,ORDER_MATCHED
ADAUSD-T,M1,2026-09-02T02:20:00+00:00,BUY_CANDIDATE,True,ORDER_MATCHED
ADAUSD-T,M1,2026-09-02T02:24:00+00:00,BUY_CANDIDATE,True,ORDER_MATCHED
ADAUSD-T,M1,2026-09-02T06:48:00+00:00,BUY_CANDIDATE,False,Misma combinación símbolo/timeframe abierta: ADAUSD-T M1
ADAUSD-T,M1,2026-09-02T09:01:00+00:00,BUY_CANDIDATE,False,Misma combinación símbolo/timeframe abierta: ADAUSD-T M1
ADAUSD-T,M1,2026-09-02T09:12:00+00:00,BUY_CANDIDATE,False,Misma combinación símbolo/timeframe abierta: ADAUSD-T M1
ADAUSD-T,M1,2026-09-02T12:23:00+00:00,SELL_CANDIDATE,False,Misma combinación símbolo/timeframe abierta: ADAUSD-T M1
ADAUSD-T,M1,2026-09-02T13:25:00+00:00,SELL_CANDIDATE,False,Misma combinación símbolo/timeframe abierta: ADAUSD-T M1
ADAUSD-T,M1,2026-09-02T13:27:00+00:00,SELL_CANDIDATE,False,Misma combinación símbolo/timeframe abierta: ADAUSD-T M1
ADAUSD-T,M1,2026-09-02T18:25:00+00:00,SELL_CANDIDATE,False,Misma combinación símbolo/timeframe abierta: ADAUSD-T M1
ADAUSD-T,M1,2026-09-02T18:54:00+00:00,BUY_CANDIDATE,False,Misma combinación símbolo/timeframe abierta: ADAUSD-T M1
ADAUSD-T,M5,2026-09-01T22:50:00+00:00,SELL_CANDIDATE,False,symbol=ADAUSD-T; timeframe=M5; bid=0.1949; ask=0.1978; point=0.0001; tick_size=0.0001; trade_stops_level=50; min_stop_distance=0.005; SL_técnico=0.19890000000000002; SL_efectivo=0.203; TP=0.1787; volumen=10000.0; retcode=10042; comentario=Only long positions are allowed
ADAUSD-T,M5,2026-09-02T07:40:00+00:00,BUY_CANDIDATE,True,ORDER_MATCHED
ADAUSD-T,M5,2026-09-02T16:30:00+00:00,SELL_CANDIDATE,False,symbol=ADAUSD-T; timeframe=M5; bid=0.1927; ask=0.1956; point=0.0001; tick_size=0.0001; trade_stops_level=50; min_stop_distance=0.005; SL_técnico=0.1964; SL_efectivo=0.2008; TP=0.1765; volumen=920.0; retcode=10042; comentario=Only long positions are allowed
ADAUSD-T,M15,2026-09-02T04:15:00+00:00,SELL_CANDIDATE,False,La pérdida calculada para volumen 1.0 no es válida
ADAUSD-T,M30,2026-09-02T11:00:00+00:00,SELL_CANDIDATE,False,La pérdida calculada para volumen 1.0 no es válida
XLMUSD-T,M1,2026-09-01T22:52:00+00:00,BUY_CANDIDATE,False,symbol=XLMUSD-T; timeframe=M1; bid=0.1755; ask=0.1771; point=0.0001; tick_size=0.0001; trade_stops_level=9; min_stop_distance=0.0009000000000000001; SL_técnico=0.1753; SL_efectivo=0.1743; TP=0.1827; volumen=5.0; retcode=10044; comentario=Only position closing is allowed
XLMUSD-T,M1,2026-09-01T22:58:00+00:00,BUY_CANDIDATE,False,symbol=XLMUSD-T; timeframe=M1; bid=0.1755; ask=0.1771; point=0.0001; tick_size=0.0001; trade_stops_level=9; min_stop_distance=0.0009000000000000001; SL_técnico=0.1752; SL_efectivo=0.1743; TP=0.1827; volumen=5.0; retcode=10044; comentario=Only position closing is allowed
XLMUSD-T,M1,2026-09-02T02:05:00+00:00,SELL_CANDIDATE,False,symbol=XLMUSD-T; timeframe=M1; bid=0.174; ask=0.1756; point=0.0001; tick_size=0.0001; trade_stops_level=9; min_stop_distance=0.0009000000000000001; SL_técnico=0.17590000000000003; SL_efectivo=0.1768; TP=0.1684; volumen=3.4; retcode=10044; comentario=Only position closing is allowed
XLMUSD-T,M1,2026-09-02T05:50:00+00:00,BUY_CANDIDATE,False,symbol=XLMUSD-T; timeframe=M1; bid=0.1742; ask=0.1758; point=0.0001; tick_size=0.0001; trade_stops_level=9; min_stop_distance=0.0009000000000000001; SL_técnico=0.174; SL_efectivo=0.173; TP=0.1814; volumen=3.3; retcode=10044; comentario=Only position closing is allowed
XLMUSD-T,M1,2026-09-02T08:49:00+00:00,BUY_CANDIDATE,False,symbol=XLMUSD-T; timeframe=M1; bid=0.175; ask=0.1769; point=0.0001; tick_size=0.0001; trade_stops_level=9; min_stop_distance=0.0009000000000000001; SL_técnico=0.1748; SL_efectivo=0.1738; TP=0.1831; volumen=3.0; retcode=10044; comentario=Only position closing is allowed
XLMUSD-T,M1,2026-09-02T17:19:00+00:00,BUY_CANDIDATE,False,symbol=XLMUSD-T; timeframe=M1; bid=0.173; ask=0.1746; point=0.0001; tick_size=0.0001; trade_stops_level=9; min_stop_distance=0.0009000000000000001; SL_técnico=0.1728; SL_efectivo=0.1718; TP=0.1802; volumen=3.3; retcode=10044; comentario=Only position closing is allowed
XLMUSD-T,M1,2026-09-02T19:08:00+00:00,BUY_CANDIDATE,False,symbol=XLMUSD-T; timeframe=M1; bid=0.1727; ask=0.1743; point=0.0001; tick_size=0.0001; trade_stops_level=9; min_stop_distance=0.0009000000000000001; SL_técnico=0.1723; SL_efectivo=0.1715; TP=0.1799; volumen=3.2; retcode=10044; comentario=Only position closing is allowed
XLMUSD-T,M5,2026-09-02T09:05:00+00:00,BUY_CANDIDATE,False,symbol=XLMUSD-T; timeframe=M5; bid=0.1748; ask=0.1766; point=0.0001; tick_size=0.0001; trade_stops_level=9; min_stop_distance=0.0009000000000000001; SL_técnico=0.1746; SL_efectivo=0.1737; TP=0.1824; volumen=3.2; retcode=10044; comentario=Only position closing is allowed
XLMUSD-T,M5,2026-09-02T15:50:00+00:00,SELL_CANDIDATE,False,symbol=XLMUSD-T; timeframe=M5; bid=0.1714; ask=0.173; point=0.0001; tick_size=0.0001; trade_stops_level=9; min_stop_distance=0.0009000000000000001; SL_técnico=0.17379999999999998; SL_efectivo=0.1741; TP=0.166; volumen=3.4; retcode=10044; comentario=Only position closing is allowed
XLMUSD-T,M5,2026-09-02T16:15:00+00:00,SELL_CANDIDATE,False,symbol=XLMUSD-T; timeframe=M5; bid=0.1713; ask=0.1729; point=0.0001; tick_size=0.0001; trade_stops_level=9; min_stop_distance=0.0009000000000000001; SL_técnico=0.1735; SL_efectivo=0.1741; TP=0.1657; volumen=3.3; retcode=10044; comentario=Only position closing is allowed
XLMUSD-T,M5,2026-09-02T16:35:00+00:00,SELL_CANDIDATE,False,symbol=XLMUSD-T; timeframe=M5; bid=0.1715; ask=0.1731; point=0.0001; tick_size=0.0001; trade_stops_level=9; min_stop_distance=0.0009000000000000001; SL_técnico=0.1735; SL_efectivo=0.1743; TP=0.1659; volumen=3.3; retcode=10044; comentario=Only position closing is allowed
XLMUSD-T,M15,2026-09-02T07:30:00+00:00,SELL_CANDIDATE,False,symbol=XLMUSD-T; timeframe=M15; bid=0.1743; ask=0.1759; point=0.0001; tick_size=0.0001; trade_stops_level=9; min_stop_distance=0.0009000000000000001; SL_técnico=0.1774; SL_efectivo=0.1774; TP=0.1681; volumen=3.0; retcode=10044; comentario=Only position closing is allowed
XLMUSD-T,M30,2026-09-02T09:30:00+00:00,SELL_CANDIDATE,False,symbol=XLMUSD-T; timeframe=M30; bid=0.1741; ask=0.1759; point=0.0001; tick_size=0.0001; trade_stops_level=9; min_stop_distance=0.0009000000000000001; SL_técnico=0.17729999999999999; SL_efectivo=0.1773; TP=0.1677; volumen=2.9; retcode=10044; comentario=Only position closing is allowed
XLMUSD-T,H1,2026-09-01T20:00:00+00:00,SELL_CANDIDATE,False,symbol=XLMUSD-T; timeframe=H1; bid=0.1753; ask=0.1771; point=0.0001; tick_size=0.0001; trade_stops_level=9; min_stop_distance=0.0009000000000000001; SL_técnico=0.18009999999999998; SL_efectivo=0.1801; TP=0.1657; volumen=5.0; retcode=10044; comentario=Only position closing is allowed
[USA500]-T,M1,2026-09-01T21:05:00+00:00,SELL_CANDIDATE,False,Riesgo total candidato 504.73 supera el 5% del equity (497.4)
[USA500]-T,M1,2026-09-01T23:43:00+00:00,BUY_CANDIDATE,False,Riesgo total candidato 517.88 supera el 5% del equity (509.822)
[USA500]-T,M1,2026-09-02T01:01:00+00:00,BUY_CANDIDATE,True,ORDER_MATCHED
[USA500]-T,M1,2026-09-02T03:15:00+00:00,SELL_CANDIDATE,True,ORDER_MATCHED
[USA500]-T,M1,2026-09-02T03:23:00+00:00,BUY_CANDIDATE,True,ORDER_MATCHED
[USA500]-T,M1,2026-09-02T03:51:00+00:00,SELL_CANDIDATE,False,Misma combinación símbolo/timeframe abierta: [USA500]-T M1
[USA500]-T,M1,2026-09-02T04:31:00+00:00,SELL_CANDIDATE,True,ORDER_MATCHED
[USA500]-T,M1,2026-09-02T06:11:00+00:00,BUY_CANDIDATE,False,Misma combinación símbolo/timeframe abierta: [USA500]-T M1
[USA500]-T,M1,2026-09-02T07:37:00+00:00,SELL_CANDIDATE,False,Misma combinación símbolo/timeframe abierta: [USA500]-T M1
[USA500]-T,M1,2026-09-02T07:45:00+00:00,SELL_CANDIDATE,False,Misma combinación símbolo/timeframe abierta: [USA500]-T M1
[USA500]-T,M1,2026-09-02T13:03:00+00:00,SELL_CANDIDATE,True,ORDER_MATCHED
[USA500]-T,M1,2026-09-02T18:05:00+00:00,BUY_CANDIDATE,True,ORDER_MATCHED
[USA500]-T,M1,2026-09-02T18:12:00+00:00,BUY_CANDIDATE,False,Misma combinación símbolo/timeframe abierta: [USA500]-T M1
[USA500]-T,M5,2026-09-01T22:55:00+00:00,SELL_CANDIDATE,False,Riesgo total candidato 517.69 supera el 5% del equity (509.684)
[USA500]-T,M5,2026-09-02T06:25:00+00:00,SELL_CANDIDATE,True,ORDER_MATCHED
[USA500]-T,M5,2026-09-02T11:10:00+00:00,BUY_CANDIDATE,False,Sin señal base
[USA500]-T,M15,2026-09-02T04:00:00+00:00,SELL_CANDIDATE,True,ORDER_MATCHED
[USA500]-T,M15,2026-09-02T09:45:00+00:00,SELL_CANDIDATE,False,Misma combinación símbolo/timeframe abierta: [USA500]-T M15
[USA500]-T,M15,2026-09-02T11:30:00+00:00,SELL_CANDIDATE,False,Misma combinación símbolo/timeframe abierta: [USA500]-T M15
[GER40]-T,M1,2026-09-01T20:26:00+00:00,SELL_CANDIDATE,True,ORDER_MATCHED
[GER40]-T,M1,2026-09-01T20:40:00+00:00,SELL_CANDIDATE,True,ORDER_MATCHED
[GER40]-T,M1,2026-09-01T20:54:00+00:00,SELL_CANDIDATE,False,El riesgo de la candidata supera el 1% del equity
[GER40]-T,M1,2026-09-02T03:28:00+00:00,SELL_CANDIDATE,True,ORDER_MATCHED
[GER40]-T,M1,2026-09-02T05:01:00+00:00,SELL_CANDIDATE,False,Misma combinación símbolo/timeframe abierta: [GER40]-T M1
[GER40]-T,M1,2026-09-02T07:10:00+00:00,SELL_CANDIDATE,False,Misma combinación símbolo/timeframe abierta: [GER40]-T M1
[GER40]-T,M1,2026-09-02T08:59:00+00:00,BUY_CANDIDATE,False,Misma combinación símbolo/timeframe abierta: [GER40]-T M1
[GER40]-T,M1,2026-09-02T11:42:00+00:00,SELL_CANDIDATE,True,ORDER_MATCHED
[GER40]-T,M1,2026-09-02T15:43:00+00:00,BUY_CANDIDATE,True,ORDER_MATCHED
[GER40]-T,M1,2026-09-02T18:08:00+00:00,SELL_CANDIDATE,True,ORDER_MATCHED
[GER40]-T,M5,2026-09-02T05:55:00+00:00,SELL_CANDIDATE,True,ORDER_MATCHED
[GER40]-T,M5,2026-09-02T06:30:00+00:00,SELL_CANDIDATE,False,Misma combinación símbolo/timeframe abierta: [GER40]-T M5
[GER40]-T,M5,2026-09-02T11:40:00+00:00,BUY_CANDIDATE,True,ORDER_MATCHED
[SPA35]-T,M1,2026-09-02T10:55:00+00:00,BUY_CANDIDATE,True,ORDER_MATCHED
[SPA35]-T,M1,2026-09-02T11:13:00+00:00,BUY_CANDIDATE,False,Misma combinación símbolo/timeframe abierta: [SPA35]-T M1
[SPA35]-T,M1,2026-09-02T12:25:00+00:00,SELL_CANDIDATE,True,ORDER_MATCHED
[SPA35]-T,M1,2026-09-02T15:28:00+00:00,BUY_CANDIDATE,True,ORDER_MATCHED
[SPA35]-T,M1,2026-09-02T17:09:00+00:00,SELL_CANDIDATE,True,ORDER_MATCHED
[JP225]-T,M1,2026-09-01T20:47:00+00:00,SELL_CANDIDATE,True,ORDER_MATCHED
[JP225]-T,M1,2026-09-01T21:24:00+00:00,SELL_CANDIDATE,True,ORDER_MATCHED
[JP225]-T,M1,2026-09-01T22:38:00+00:00,BUY_CANDIDATE,False,Riesgo total candidato 516.64 supera el 5% del equity (509.675)
[JP225]-T,M1,2026-09-01T22:49:00+00:00,BUY_CANDIDATE,False,Riesgo total candidato 517.67 supera el 5% del equity (509.022)
[JP225]-T,M1,2026-09-02T03:02:00+00:00,BUY_CANDIDATE,True,ORDER_MATCHED
[JP225]-T,M1,2026-09-02T08:05:00+00:00,SELL_CANDIDATE,True,ORDER_MATCHED
[JP225]-T,M1,2026-09-02T10:31:00+00:00,BUY_CANDIDATE,True,ORDER_MATCHED
[JP225]-T,M1,2026-09-02T11:17:00+00:00,SELL_CANDIDATE,True,ORDER_MATCHED
[JP225]-T,M1,2026-09-02T11:21:00+00:00,SELL_CANDIDATE,True,ORDER_MATCHED
[JP225]-T,M1,2026-09-02T11:36:00+00:00,SELL_CANDIDATE,False,Misma combinación símbolo/timeframe abierta: [JP225]-T M1
[JP225]-T,M1,2026-09-02T18:59:00+00:00,BUY_CANDIDATE,True,ORDER_MATCHED
[JP225]-T,M5,2026-09-01T23:05:00+00:00,SELL_CANDIDATE,False,Riesgo total candidato 513.88 supera el 5% del equity (512.267)
[JP225]-T,M5,2026-09-02T05:55:00+00:00,SELL_CANDIDATE,True,ORDER_MATCHED
[JP225]-T,M5,2026-09-02T11:25:00+00:00,SELL_CANDIDATE,False,"Volumen mínimo incompatible con 0.1%: calculado 0.0, volume_min 1.0"
[JP225]-T,M15,2026-09-02T16:30:00+00:00,SELL_CANDIDATE,False,"Volumen mínimo incompatible con 0.1%: calculado 0.0, volume_min 1.0"
