ticket,position_id,symbol,timeframe,comment,direction,entry_time,entry_price,exit_time,exit_price,volume,sl,tp,profit,commission,swap,fee,net_result,close_reason,duration_seconds,realized_r,classification,matched_timeframe
1230321823,1230321823,EURJPY-T,,V7 EMA AO,BUY,2026-09-01T19:56:02+00:00,185.573,2026-09-01T20:29:47+00:00,185.68,3.03,185.521,185.68,202.41,0.0,0.0,0.0,202.41,TP,2025,2.057692307691467,VALID_SIGNAL_BUT_LATE_ENTRY,M15
1230322496,1230322496,[GER40]-T,,V7 EMA AO,SELL,2026-09-01T20:26:00+00:00,25882.66,2026-09-01T20:34:20+00:00,25897.66,5.65,25897.66,25851.16,-98.23,0.0,0.0,0.0,-98.23,SL,500,-1.0,VALID_SIGNAL_AND_ENTRY,M1
1230322497,1230322497,BTCUSD-T,,V7 EMA AO,SELL,2026-09-01T20:26:02+00:00,77337.41,2026-09-01T20:34:02+00:00,77708.59,0.28,77707.59,76633.05,-103.94,0.0,0.0,0.0,-103.94,SL,480,-1.0027013885136962,VALID_SIGNAL_AND_ENTRY,M1
1230322542,1230322542,LTCUSD-T,,V7 EMA AO,SELL,2026-09-01T20:29:02+00:00,49.51,2026-09-01T20:38:21+00:00,50.06,182.9,50.06,48.41,-100.59,0.0,0.0,0.0,-100.59,SL,559,-1.0,VALID_SIGNAL_AND_ENTRY,M1
1230322586,1230322586,EURJPY-T,,V7 EMA AO,BUY,2026-09-01T20:30:01+00:00,185.704,2026-09-02T07:04:22+00:00,185.467,0.68,185.467,186.175,-100.61,0.0,-4.27,0.0,-104.88,SL,38061,-1.0,VALID_SIGNAL_AND_ENTRY,M30
1230322682,1230322682,AUDUSD-T,,V7 EMA AO,SELL,2026-09-01T20:35:01+00:00,0.71484,2026-09-02T00:05:00+00:00,0.71582,2.92,0.71523,0.71421,-286.16,0.0,-22.31,0.0,-308.47,SL,12599,-2.5128205128204546,VALID_SIGNAL_AND_ENTRY,M1
1230322747,1230322747,[GER40]-T,,V7 EMA AO,SELL,2026-09-01T20:40:03+00:00,25890.16,2026-09-01T20:41:43+00:00,25898.66,9.0,25898.66,25870.16,-88.66,0.0,0.0,0.0,-88.66,SL,100,-1.0,VALID_SIGNAL_AND_ENTRY,M1
1230322796,1230322796,USDCAD-T,,V7 EMA AO,BUY,2026-09-01T20:43:02+00:00,1.3906399999999999,2026-09-01T21:18:45+00:00,1.39012,2.68,1.39012,1.39165,-100.25,0.0,0.0,0.0,-100.25,SL,2143,-1.0,VALID_SIGNAL_AND_ENTRY,M1
1230322853,1230322853,[JP225]-T,,V7 EMA AO,SELL,2026-09-01T20:47:00+00:00,64916.88,2026-09-01T21:12:01+00:00,64810.37,30.0,64965.26,64812.62,199.39,0.0,0.0,0.0,199.39,TP,1501,2.2015295576681377,VALID_SIGNAL_AND_ENTRY,M1
1230324821,1230324821,GBPJPY-T,,V7 EMA AO,SELL,2026-09-01T21:20:00+00:00,216.529,2026-09-01T23:58:45+00:00,216.612,2.02,216.608,216.371,-104.66,0.0,0.0,0.0,-104.66,SL,9525,-1.050632911392282,VALID_SIGNAL_AND_ENTRY,M5
1230324916,1230324916,[JP225]-T,,V7 EMA AO,SELL,2026-09-01T21:24:05+00:00,64839.48,2026-09-01T21:34:31+00:00,64732.94,31.0,64890.35,64737.74,206.09,0.0,0.0,0.0,206.09,TP,626,2.094358167879116,VALID_SIGNAL_AND_ENTRY,M1
1230327654,1230327654,NZDUSD-T,,V7 EMA AO,BUY,2026-09-01T22:27:02+00:00,0.58928,2026-09-02T00:06:10+00:00,0.58868,1.7,0.58868,0.59048,-102.0,0.0,-12.38,0.0,-114.38,SL,5948,-1.0,VALID_SIGNAL_AND_ENTRY,M1
1230330339,1230330339,NZDUSD-T,M5,V7|M5|EMA_AO,SELL,2026-09-02T00:15:28+00:00,0.58895,2026-09-02T05:01:25+00:00,0.58613,0.06,0.59035,0.58615,16.92,0.0,0.0,0.0,16.92,TP,17157,2.0142857142855695,VALID_SIGNAL_AND_ENTRY,M5
1230330340,1230330340,AUDUSD-T,M5,V7|M5|EMA_AO,SELL,2026-09-02T00:15:37+00:00,0.71433,2026-09-02T16:21:22+00:00,0.71559,0.07,0.71559,0.71181,-8.82,0.0,0.0,0.0,-8.82,SL,57945,-1.0,VALID_SIGNAL_AND_ENTRY,M5
1230330348,1230330348,AUDUSD-T,M1,V7|M1|EMA_AO,BUY,2026-09-02T00:20:20+00:00,0.71536,2026-09-02T00:22:57+00:00,0.71424,0.08,0.71425,0.71758,-8.96,0.0,0.0,0.0,-8.96,SL,157,-1.0090090090090684,VALID_SIGNAL_AND_ENTRY,M1
1230330369,1230330369,NZDUSD-T,M1,V7|M1|EMA_AO,BUY,2026-09-02T00:32:19+00:00,0.59002,2026-09-02T05:00:17+00:00,0.58842,0.06,0.58847,0.59312,-9.6,0.0,0.0,0.0,-9.6,SL,16078,-1.0322580645161268,VALID_SIGNAL_AND_ENTRY,M1
1230330380,1230330380,LTCUSD-T,M5,V7|M5|EMA_AO,BUY,2026-09-02T00:40:00+00:00,49.69,2026-09-02T03:44:37+00:00,49.11,16.4,49.11,50.85,-9.52,0.0,0.0,0.0,-9.52,SL,11077,-1.0,VALID_SIGNAL_AND_ENTRY,M5
1230330425,1230330425,USDCHF-T,M1,V7|M1|EMA_AO,SELL,2026-09-02T00:59:02+00:00,0.81098,2026-09-02T01:00:09+00:00,0.81259,0.05,0.81235,0.80824,-9.94,0.0,0.0,0.0,-9.94,SL,67,-1.1751824817518401,VALID_SIGNAL_AND_ENTRY,M1
1230330435,1230330435,GBPJPY-T,M1,V7|M1|EMA_AO,SELL,2026-09-02T01:00:02+00:00,216.369,2026-09-02T08:52:13+00:00,215.844,0.05,216.627,215.853,16.42,0.0,0.0,0.0,16.42,TP,28331,2.0348837209301776,VALID_SIGNAL_AND_ENTRY,M1
1230330515,1230330515,[USA500]-T,M1,V7|M1|EMA_AO,BUY,2026-09-02T01:01:00+00:00,7637.87,2026-09-02T01:01:07+00:00,7636.42,8.4,7636.6,7640.02,-12.18,0.0,0.0,0.0,-12.18,SL,7,-1.141732283464849,VALID_SIGNAL_AND_ENTRY,M1
1230331301,1230331301,USDCAD-T,M15,V7|M15|EMA_AO,BUY,2026-09-02T01:30:14+00:00,1.38967,2026-09-02T05:22:39+00:00,1.39089,0.21,1.38906,1.39089,18.42,0.0,0.0,0.0,18.42,TP,13945,2.0,VALID_SIGNAL_AND_ENTRY,M15
1230331811,1230331811,ADAUSD-T,M1,V7|M1|EMA_AO,BUY,2026-09-02T02:20:01+00:00,0.1971,,,940.0,0.1891,0.2131,0.0,0.0,0.0,0.0,0.0,OPEN,,nan,VALID_SIGNAL_AND_ENTRY,M1
1230331869,1230331869,BTCUSD-T,M1,V7|M1|EMA_AO,BUY,2026-09-02T02:24:01+00:00,77351.16,2026-09-02T03:30:22+00:00,77068.84,0.03,77069.31,77914.86,-8.46,0.0,0.0,0.0,-8.46,SL,3981,-1.0016675536633002,VALID_SIGNAL_AND_ENTRY,M1
1230331870,1230331870,SOLUSD-T,M1,V7|M1|EMA_AO,BUY,2026-09-02T02:24:02+00:00,100.48,2026-09-02T04:30:18+00:00,98.75,5.0,98.75,103.94,-8.65,0.0,0.0,0.0,-8.65,SL,7576,-1.0,VALID_SIGNAL_AND_ENTRY,M1
1230332090,1230332090,USDCHF-T,M1,V7|M1|EMA_AO,BUY,2026-09-02T02:46:01+00:00,0.81182,2026-09-02T04:33:57+00:00,0.81261,0.19,0.81141,0.81261,18.47,0.0,0.0,0.0,18.47,TP,6476,1.926829268292749,VALID_SIGNAL_AND_ENTRY,M1
1230332222,1230332222,AUDUSD-T,M1,V7|M1|EMA_AO,SELL,2026-09-02T02:56:01+00:00,0.71452,2026-09-02T04:30:00+00:00,0.7149,0.29,0.71484,0.71388,-11.02,0.0,0.0,0.0,-11.02,SL,5639,-1.1874999999998481,VALID_SIGNAL_BUT_LATE_ENTRY,M5
1230332566,1230332566,[JP225]-T,M1,V7|M1|EMA_AO,BUY,2026-09-02T03:02:00+00:00,64888.47,2026-09-02T03:03:20+00:00,64737.63,1.0,64740.12,65177.7,-9.42,0.0,0.0,0.0,-9.42,SL,80,-1.0167846309403792,VALID_SIGNAL_AND_ENTRY,M1
1230333015,1230333015,EURGBP-T,M1,V7|M1|EMA_AO,SELL,2026-09-02T03:08:02+00:00,0.85767,2026-09-02T10:21:22+00:00,0.85705,0.23,0.85797,0.85707,19.25,0.0,0.0,0.0,19.25,TP,26000,2.066666666667111,VALID_SIGNAL_BUT_LATE_ENTRY,M15
1230333261,1230333261,[USA500]-T,M1,V7|M1|EMA_AO,SELL,2026-09-02T03:15:01+00:00,7635.67,2026-09-02T03:15:12+00:00,7637.87,4.3,7637.87,7631.27,-9.46,0.0,0.0,0.0,-9.46,SL,11,-1.0,VALID_SIGNAL_AND_ENTRY,M1
1230333267,1230333267,LTCUSD-T,M15,V7|M15|EMA_AO,BUY,2026-09-02T03:15:03+00:00,49.87,2026-09-02T03:40:34+00:00,49.23,14.9,49.23,51.15,-9.53,0.0,0.0,0.0,-9.53,SL,1531,-1.0,VALID_SIGNAL_AND_ENTRY,M15
1230333650,1230333650,[USA500]-T,M1,V7|M1|EMA_AO,BUY,2026-09-02T03:23:00+00:00,7641.37,2026-09-02T03:29:11+00:00,7635.92,1.7,7635.92,7651.88,-9.27,0.0,0.0,0.0,-9.27,SL,371,-1.0,VALID_SIGNAL_AND_ENTRY,M1
1230333858,1230333858,[GER40]-T,M1,V7|M1|EMA_AO,SELL,2026-09-02T03:28:01+00:00,25832.82,2026-09-02T09:54:02+00:00,25857.82,0.33,25856.82,25783.32,-9.55,0.0,0.0,0.0,-9.55,SL,23161,-1.0416666666666667,VALID_SIGNAL_AND_ENTRY,M1
1230334104,1230334104,[USA500]-T,M1,V7|M1|EMA_AO,SELL,2026-09-02T03:38:01+00:00,7636.67,2026-09-02T03:59:32+00:00,7632.62,4.8,7638.62,7632.77,19.44,0.0,0.0,0.0,19.44,TP,1291,2.076923076923364,VALID_SIGNAL_BUT_LATE_ENTRY,M1
1230334372,1230334372,GBPJPY-T,M5,V7|M5|EMA_AO,SELL,2026-09-02T03:45:00+00:00,216.43,2026-09-02T03:56:08+00:00,216.522,0.16,216.522,216.243,-9.18,0.0,0.0,0.0,-9.18,SL,668,-1.0,VALID_SIGNAL_AND_ENTRY,M5
1230334719,1230334719,[USA500]-T,M15,V7|M15|EMA_AO,SELL,2026-09-02T04:00:02+00:00,7630.67,2026-09-02T15:14:56+00:00,7643.44,0.7,7643.37,7606.02,-8.94,0.0,0.0,0.0,-8.94,SL,40494,-1.0055118110235992,VALID_SIGNAL_AND_ENTRY,M15
1230335344,1230335344,LTCUSD-T,M1,V7|M1|EMA_AO,SELL,2026-09-02T04:17:01+00:00,49.08,2026-09-02T06:10:39+00:00,49.63,17.3,49.63,47.98,-9.52,0.0,0.0,0.0,-9.52,SL,6818,-1.0,VALID_SIGNAL_AND_ENTRY,M1
1230335484,1230335484,BTCUSD-T,M5,V7|M5|EMA_AO,SELL,2026-09-02T04:30:00+00:00,76982.71,2026-09-02T06:01:10+00:00,77505.7,0.01,77462.29,76020.55,-5.23,0.0,0.0,0.0,-5.23,SL,5470,-1.0905167021143598,VALID_SIGNAL_AND_ENTRY,M5
1230335485,1230335485,GBPJPY-T,M30,V7|M30|EMA_AO,SELL,2026-09-02T04:30:01+00:00,216.489,2026-09-02T04:47:44+00:00,216.584,0.16,216.583,216.301,-9.48,0.0,0.0,0.0,-9.48,SL,1063,-1.0106382978723918,VALID_SIGNAL_AND_ENTRY,M30
1230335501,1230335501,[USA500]-T,M1,V7|M1|EMA_AO,SELL,2026-09-02T04:31:00+00:00,7631.42,2026-09-02T08:31:05+00:00,7634.87,2.7,7634.87,7624.52,-9.32,0.0,0.0,0.0,-9.32,SL,14405,-1.0,VALID_SIGNAL_AND_ENTRY,M1
1230336415,1230336415,NZDUSD-T,M1,V7|M1|EMA_AO,SELL,2026-09-02T05:01:00+00:00,0.58701,2026-09-02T11:55:51+00:00,0.58137,0.03,0.58983,0.58137,16.92,0.0,0.0,0.0,16.92,TP,24891,2.0000000000000395,VALID_SIGNAL_AND_ENTRY,M1
1230336564,1230336564,NZDUSD-T,M5,V7|M5|EMA_AO,SELL,2026-09-02T05:05:02+00:00,0.5854,,,0.02,0.58982,0.57656,0.0,0.0,0.0,0.0,0.0,OPEN,,nan,VALID_SIGNAL_AND_ENTRY,M5
1230336807,1230336807,NZDUSD-T,M15,V7|M15|EMA_AO,SELL,2026-09-02T05:15:01+00:00,0.586,,,0.02,0.58981,0.57838,0.0,0.0,0.0,0.0,0.0,OPEN,,nan,VALID_SIGNAL_AND_ENTRY,M15
1230337106,1230337106,AUDUSD-T,M30,V7|M30|EMA_AO,SELL,2026-09-02T05:30:01+00:00,0.71404,2026-09-02T15:21:24+00:00,0.71535,0.07,0.71535,0.71151,-9.17,0.0,0.0,0.0,-9.17,SL,35483,-1.0,VALID_SIGNAL_AND_ENTRY,M30
1230337448,1230337448,USDCAD-T,M1,V7|M1|EMA_AO,BUY,2026-09-02T05:46:02+00:00,1.39097,2026-09-02T07:13:42+00:00,1.39201,0.25,1.39045,1.39201,18.68,0.0,0.0,0.0,18.68,TP,5260,1.999999999999573,VALID_SIGNAL_AND_ENTRY,M1
1230337454,1230337454,BTCUSD-T,M1,V7|M1|EMA_AO,BUY,2026-09-02T05:47:00+00:00,77255.7,2026-09-02T11:32:22+00:00,76960.63,0.03,76962.71,77832.68,-8.85,0.0,0.0,0.0,-8.85,SL,20722,-1.0070992184033647,VALID_SIGNAL_AND_ENTRY,M1
1230337629,1230337629,[GER40]-T,M5,V7|M5|EMA_AO,SELL,2026-09-02T05:55:00+00:00,25819.82,2026-09-02T08:18:04+00:00,25834.82,0.6,25833.32,25792.82,-10.42,0.0,0.0,0.0,-10.42,SL,8584,-1.1111111111111112,VALID_SIGNAL_AND_ENTRY,M5
1230337630,1230337630,[JP225]-T,M5,V7|M5|EMA_AO,SELL,2026-09-02T05:55:01+00:00,64421.91,2026-09-02T06:25:22+00:00,64500.32,2.0,64497.8,64292.63,-9.78,0.0,0.0,0.0,-9.78,SL,1821,-1.0332059559888893,VALID_SIGNAL_AND_ENTRY,M5
1230337747,1230337747,GBPJPY-T,M15,V7|M15|EMA_AO,SELL,2026-09-02T06:00:01+00:00,216.453,2026-09-02T07:47:14+00:00,216.152,0.1,216.603,216.153,18.8,0.0,0.0,0.0,18.8,TP,6433,2.0066666666666984,VALID_SIGNAL_AND_ENTRY,M15
1230338366,1230338366,[USA500]-T,M5,V7|M5|EMA_AO,SELL,2026-09-02T06:25:01+00:00,7630.67,2026-09-02T08:30:50+00:00,7633.87,2.9,7633.87,7624.27,-9.28,0.0,0.0,0.0,-9.28,SL,7549,-1.0,VALID_SIGNAL_AND_ENTRY,M5
1230338949,1230338949,SOLUSD-T,M1,V7|M1|EMA_AO,BUY,2026-09-02T06:48:01+00:00,101.02,2026-09-02T07:05:47+00:00,99.26,5.0,99.26,104.54,-8.8,0.0,0.0,0.0,-8.8,SL,1066,-1.0,VALID_SIGNAL_AND_ENTRY,M1
1230339053,1230339053,USDCHF-T,M1,V7|M1|EMA_AO,BUY,2026-09-02T06:55:01+00:00,0.81294,2026-09-02T08:31:37+00:00,0.81253,0.18,0.81253,0.81376,-9.08,0.0,0.0,0.0,-9.08,SL,5796,-1.0,VALID_SIGNAL_AND_ENTRY,M1
1230339529,1230339529,SOLUSD-T,M5,V7|M5|EMA_AO,BUY,2026-09-02T07:40:01+00:00,100.8,2026-09-02T09:33:30+00:00,98.92,5.0,98.92,104.56,-9.4,0.0,0.0,0.0,-9.4,SL,6809,-1.0,VALID_SIGNAL_AND_ENTRY,M5
1230339530,1230339530,ADAUSD-T,M5,V7|M5|EMA_AO,BUY,2026-09-02T07:40:02+00:00,0.1989,2026-09-02T13:49:26+00:00,0.1907,940.0,0.1908,0.2151,-7.71,0.0,0.0,0.0,-7.71,SL,22164,-1.0123456790123444,VALID_SIGNAL_AND_ENTRY,M5
1230339706,1230339706,AUDUSD-T,M1,V7|M1|EMA_AO,SELL,2026-09-02T07:52:03+00:00,0.71339,2026-09-02T08:12:19+00:00,0.71373,0.28,0.71372,0.71273,-9.52,0.0,0.0,0.0,-9.52,SL,1216,-1.0303030303028875,VALID_SIGNAL_AND_ENTRY,M1
1230339874,1230339874,[JP225]-T,M1,V7|M1|EMA_AO,SELL,2026-09-02T08:05:02+00:00,64237.98,2026-09-02T08:10:30+00:00,64329.3,1.0,64325.83,64069.78,-5.7,0.0,0.0,0.0,-5.7,SL,328,-1.0394991462720686,VALID_SIGNAL_AND_ENTRY,M1
1230340181,1230340181,EURJPY-T,M1,V7|M1|EMA_AO,SELL,2026-09-02T08:26:00+00:00,185.305,2026-09-02T08:42:01+00:00,185.199,0.29,185.357,185.201,19.22,0.0,0.0,0.0,19.22,TP,961,2.0384615384617275,VALID_SIGNAL_AND_ENTRY,M1
1230340803,1230340803,USDCHF-T,M1,V7|M1|EMA_AO,SELL,2026-09-02T08:56:00+00:00,0.81267,2026-09-02T09:49:57+00:00,0.81309,0.18,0.81308,0.81185,-9.3,0.0,0.0,0.0,-9.3,SL,3237,-1.0243902439023267,VALID_SIGNAL_AND_ENTRY,M1
1230341621,1230341621,USDCAD-T,M1,V7|M1|EMA_AO,SELL,2026-09-02T09:23:01+00:00,1.39126,2026-09-02T09:39:02+00:00,1.39188,0.21,1.3918599999999999,1.3900299999999999,-9.36,0.0,0.0,0.0,-9.36,SL,961,-1.0333333333335555,VALID_SIGNAL_AND_ENTRY,M1
1230342315,1230342315,LTCUSD-T,M30,V7|M30|EMA_AO,BUY,2026-09-02T09:30:02+00:00,49.43,2026-09-02T11:40:07+00:00,48.79,16.0,48.84,50.61,-10.24,0.0,0.0,0.0,-10.24,SL,7805,-1.0847457627118722,VALID_SIGNAL_AND_ENTRY,M30
1230343008,1230343008,AUDUSD-T,M1,V7|M1|EMA_AO,BUY,2026-09-02T09:42:00+00:00,0.71463,2026-09-02T09:46:17+00:00,0.71418,0.21,0.71418,0.71553,-9.45,0.0,0.0,0.0,-9.45,SL,257,-1.0,VALID_SIGNAL_AND_ENTRY,M1
1230343646,1230343646,BTCUSD-T,M5,V7|M5|EMA_AO,BUY,2026-09-02T10:00:00+00:00,77707.37,2026-09-02T10:59:34+00:00,77304.63,0.02,77304.63,78482.85,-8.06,0.0,0.0,0.0,-8.06,SL,3574,-1.0,VALID_SIGNAL_AND_ENTRY,M5
1230343651,1230343651,USDCHF-T,M15,V7|M15|EMA_AO,BUY,2026-09-02T10:00:01+00:00,0.81344,2026-09-02T16:27:01+00:00,0.81209,0.05,0.8121,0.81615,-8.31,0.0,0.0,0.0,-8.31,SL,23220,-1.007462686567213,VALID_SIGNAL_AND_ENTRY,M15
1230344773,1230344773,[JP225]-T,M1,V7|M1|EMA_AO,BUY,2026-09-02T10:31:01+00:00,64509.42,2026-09-02T10:35:36+00:00,64431.05,2.0,64433.52,64653.72,-9.82,0.0,0.0,0.0,-9.82,SL,275,-1.03254281949926,VALID_SIGNAL_AND_ENTRY,M1
1230345407,1230345407,[SPA35]-T,M1,V7|M1|EMA_AO,BUY,2026-09-02T10:55:01+00:00,19865.02,2026-09-02T11:17:36+00:00,19835.19,0.2,19836.34,19922.38,-6.91,0.0,0.0,0.0,-6.91,SL,1355,-1.0400976290098132,VALID_SIGNAL_AND_ENTRY,M1
1230347096,1230347096,[JP225]-T,M1,V7|M1|EMA_AO,SELL,2026-09-02T11:17:02+00:00,64413.62,2026-09-02T11:44:19+00:00,64327.04,3.0,64452.02,64329.32,16.26,0.0,0.0,0.0,16.26,TP,1637,2.2546875000003874,VALID_SIGNAL_AND_ENTRY,M1
1230347463,1230347463,BTCUSD-T,M30,V7|M30|EMA_AO,SELL,2026-09-02T11:30:01+00:00,77089.63,,,0.01,77857.37,75566.15,0.0,0.0,0.0,0.0,0.0,OPEN,,nan,VALID_SIGNAL_AND_ENTRY,M30
1230347833,1230347833,[GER40]-T,M5,V7|M5|EMA_AO,BUY,2026-09-02T11:40:01+00:00,25868.92,2026-09-02T11:50:27+00:00,25840.22,0.28,25841.22,25925.82,-9.31,0.0,0.0,0.0,-9.31,SL,626,-1.0361010830324948,VALID_SIGNAL_AND_ENTRY,M5
1230347862,1230347862,[GER40]-T,M1,V7|M1|EMA_AO,SELL,2026-09-02T11:42:01+00:00,25853.72,2026-09-02T12:14:33+00:00,25804.92,0.32,25879.92,25805.82,18.08,0.0,0.0,0.0,18.08,TP,1952,1.8625954198476462,VALID_SIGNAL_AND_ENTRY,M1
1230349534,1230349534,USDCAD-T,M1,V7|M1|EMA_AO,BUY,2026-09-02T12:17:01+00:00,1.3936,2026-09-02T13:59:32+00:00,1.39306,0.25,1.39307,1.39463,-9.69,0.0,0.0,0.0,-9.69,SL,6151,-1.0188679245284284,VALID_SIGNAL_AND_ENTRY,M1
1230349884,1230349884,[SPA35]-T,M1,V7|M1|EMA_AO,SELL,2026-09-02T12:25:01+00:00,19779.99,2026-09-02T12:55:56+00:00,19802.05,0.3,19801.62,19736.73,-7.66,0.0,0.0,0.0,-7.66,SL,1855,-1.0198797965788415,VALID_SIGNAL_AND_ENTRY,M1
1230350145,1230350145,LTCUSD-T,M1,V7|M1|EMA_AO,SELL,2026-09-02T12:31:02+00:00,48.64,2026-09-02T16:42:42+00:00,49.2,16.9,49.2,47.52,-9.46,0.0,0.0,0.0,-9.46,SL,15100,-1.0,VALID_SIGNAL_AND_ENTRY,M1
1230350674,1230350674,USDCHF-T,M1,V7|M1|EMA_AO,BUY,2026-09-02T12:47:00+00:00,0.815,2026-09-02T14:32:51+00:00,0.81461,0.19,0.81461,0.81578,-9.1,0.0,0.0,0.0,-9.1,SL,6351,-1.0,VALID_SIGNAL_AND_ENTRY,M1
1230351220,1230351220,EURGBP-T,H1,V7|H1|EMA_AO,BUY,2026-09-02T13:00:01+00:00,0.85806,,,0.05,0.85675,0.86068,0.0,0.0,0.0,0.0,0.0,OPEN,,nan,VALID_SIGNAL_AND_ENTRY,H1
1230351267,1230351267,BTCUSD-T,M1,V7|M1|EMA_AO,SELL,2026-09-02T13:02:00+00:00,76494.64,2026-09-02T14:15:06+00:00,76872.33,0.02,76838.36,75807.2,-7.5600000000000005,0.0,0.0,0.0,-7.5600000000000005,SL,4386,-1.098830443384153,VALID_SIGNAL_AND_ENTRY,M1
1230351295,1230351295,[USA500]-T,M1,V7|M1|EMA_AO,SELL,2026-09-02T13:03:02+00:00,7614.22,2026-09-02T13:15:18+00:00,7618.44,2.3,7618.33,7606.18,-9.71,0.0,0.0,0.0,-9.71,SL,736,-1.0267639902675623,VALID_SIGNAL_AND_ENTRY,M1
1230351869,1230351869,AUDUSD-T,M1,V7|M1|EMA_AO,SELL,2026-09-02T13:13:01+00:00,0.71227,2026-09-02T13:25:51+00:00,0.71259,0.3,0.71258,0.71165,-9.6,0.0,0.0,0.0,-9.6,SL,770,-1.032258064515979,VALID_SIGNAL_AND_ENTRY,M1
1230352527,1230352527,EURJPY-T,M1,V7|M1|EMA_AO,SELL,2026-09-02T13:30:00+00:00,184.976,2026-09-02T13:59:32+00:00,185.03,0.28,185.03,184.871,-9.46,0.0,0.0,0.0,-9.46,SL,1772,-1.0,VALID_SIGNAL_BUT_LATE_ENTRY,M1
1230352809,1230352809,GBPJPY-T,M1,V7|M1|EMA_AO,SELL,2026-09-02T13:36:00+00:00,215.538,2026-09-02T13:59:50+00:00,215.623,0.18,215.619,215.376,-9.57,0.0,0.0,0.0,-9.57,SL,1430,-1.0493827160492744,VALID_SIGNAL_AND_ENTRY,M1
1230353813,1230353813,EURGBP-T,M1,V7|M1|EMA_AO,BUY,2026-09-02T14:11:00+00:00,0.85826,2026-09-02T15:18:23+00:00,0.85889,0.21,0.85793,0.85889,17.83,0.0,0.0,0.0,17.83,TP,4043,1.9090909090906645,VALID_SIGNAL_AND_ENTRY,M1
1230354984,1230354984,USDCAD-T,M1,V7|M1|EMA_AO,SELL,2026-09-02T14:32:00+00:00,1.39289,2026-09-02T15:21:08+00:00,1.39182,0.25,1.3934,1.39187,19.22,0.0,0.0,0.0,19.22,TP,2948,2.098039215686044,VALID_SIGNAL_AND_ENTRY,M1
1230357645,1230357645,AUDUSD-T,M1,V7|M1|EMA_AO,BUY,2026-09-02T15:21:00+00:00,0.71511,2026-09-02T15:36:42+00:00,0.71451,0.15,0.71451,0.71628,-9.0,0.0,0.0,0.0,-9.0,SL,942,-1.0,VALID_SIGNAL_AND_ENTRY,M1
1230357648,1230357648,NZDUSD-T,M1,V7|M1|EMA_AO,BUY,2026-09-02T15:21:01+00:00,0.58319,2026-09-02T15:33:27+00:00,0.58252,0.13,0.58252,0.58453,-8.71,0.0,0.0,0.0,-8.71,SL,746,-1.0,VALID_SIGNAL_AND_ENTRY,M1
1230357649,1230357649,SOLUSD-T,M1,V7|M1|EMA_AO,BUY,2026-09-02T15:21:01+00:00,99.0,2026-09-02T15:36:02+00:00,97.25,5.0,97.25,102.5,-8.75,0.0,0.0,0.0,-8.75,SL,901,-1.0,VALID_SIGNAL_AND_ENTRY,M1
1230358116,1230358116,[SPA35]-T,M1,V7|M1|EMA_AO,BUY,2026-09-02T15:28:01+00:00,19860.68,2026-09-02T15:37:56+00:00,19841.7,0.4,19841.82,19898.4,-8.79,0.0,0.0,0.0,-8.79,SL,595,-1.0063626723223211,VALID_SIGNAL_AND_ENTRY,M1
1230358905,1230358905,[GER40]-T,M1,V7|M1|EMA_AO,BUY,2026-09-02T15:43:01+00:00,25877.42,2026-09-02T15:50:54+00:00,25858.22,0.44,25858.22,25912.82,-9.79,0.0,0.0,0.0,-9.79,SL,473,-1.0,VALID_SIGNAL_AND_ENTRY,M1
1230359235,1230359235,GBPJPY-T,M1,V7|M1|EMA_AO,SELL,2026-09-02T15:51:01+00:00,215.207,2026-09-02T16:01:18+00:00,215.049,0.18,215.287,215.05,17.82,0.0,0.0,0.0,17.82,TP,617,1.9749999999995294,VALID_SIGNAL_AND_ENTRY,M1
1230360979,1230360979,NZDUSD-T,M1,V7|M1|EMA_AO,SELL,2026-09-02T16:08:01+00:00,0.58217,2026-09-02T16:22:07+00:00,0.58275,0.16,0.58274,0.581,-9.28,0.0,0.0,0.0,-9.28,SL,846,-1.0175438596490407,VALID_SIGNAL_AND_ENTRY,M1
1230366755,1230366755,BTCUSD-T,M1,V7|M1|EMA_AO,BUY,2026-09-02T17:03:00+00:00,77280.12,2026-09-02T17:04:04+00:00,76835.88,0.02,76849.88,78158.6,-8.88,0.0,0.0,0.0,-8.88,SL,64,-1.0325399776868731,VALID_SIGNAL_AND_ENTRY,M1
1230367048,1230367048,[SPA35]-T,M1,V7|M1|EMA_AO,SELL,2026-09-02T17:09:00+00:00,19823.52,,,0.6,19835.27,19800.02,0.0,0.0,0.0,0.0,0.0,OPEN,,nan,VALID_SIGNAL_AND_ENTRY,M1
